id,color,category,price,rating,base_discount,net_price
P0001,3,5,99,8.1,0.5,49.5
P0002,5,1,1499,4.5,0.8,1199.2
P0003,4,5,499,9.4,0.5,249.5
P0004,2,4,599,3.9,0.6,359.4
P0005,4,3,799,4.8,0.7,559.3
P0006,2,3,1099,2.7,0.7,769.3
P0007,4,5,699,3.7,0.5,349.5
P0008,5,1,1699,5.6,0.8,1359.2
P0009,4,1,1299,6.9,0.8,1039.2
P0010,3,4,599,2.4,0.6,359.4
P0011,2,3,699,3.4,0.7,489.29999999999995
P0012,2,3,899,4.5,0.7,629.3
P0013,2,3,999,5.0,0.7,699.3
P0014,5,5,599,4.2,0.5,299.5
P0015,4,4,699,2.3,0.6,419.4
P0016,2,1,1699,4.6,0.8,1359.2
P0017,3,1,1899,9.6,0.8,1519.2
P0018,2,3,699,7.8,0.7,489.29999999999995
P0019,5,1,1599,2.0,0.8,1279.2
P0020,3,2,1499,6.9,0.75,1124.25
P0021,2,3,1199,2.9,0.7,839.3
P0022,5,3,799,6.9,0.7,559.3
P0023,5,3,799,5.3,0.7,559.3
P0024,3,4,899,7.2,0.6,539.4
P0025,3,5,399,6.1,0.5,199.5
P0026,1,4,799,2.2,0.6,479.4
P0027,1,5,399,1.5,0.5,199.5
P0028,1,2,1499,5.6,0.75,1124.25
P0029,2,4,599,4.9,0.6,359.4
P0030,4,2,999,2.6,0.75,749.25
P0031,2,2,899,2.9,0.75,674.25
P0032,4,3,599,1.8,0.7,419.29999999999995
P0033,4,1,1299,5.8,0.8,1039.2
P0034,5,1,1299,5.0,0.8,1039.2
P0035,2,3,699,9.0,0.7,489.29999999999995
P0036,1,5,799,6.6,0.5,399.5
P0037,5,2,999,9.7,0.75,749.25
P0038,2,5,399,4.7,0.5,199.5
P0039,2,5,599,2.6,0.5,299.5
P0040,5,2,1399,8.6,0.75,1049.25
P0041,5,2,1399,1.8,0.75,1049.25
P0042,3,3,1099,4.5,0.7,769.3
P0043,2,2,1399,6.6,0.75,1049.25
P0044,5,2,1499,6.6,0.75,1124.25
P0045,3,1,1599,9.9,0.8,1279.2
P0046,3,4,999,3.4,0.6,599.4
P0047,5,4,399,8.2,0.6,239.39999999999998
P0048,5,3,999,5.6,0.7,699.3
P0049,3,1,1899,4.8,0.8,1519.2
P0050,5,4,999,9.0,0.6,599.4
P0051,3,3,599,5.7,0.7,419.29999999999995
P0052,4,1,1799,6.0,0.8,1439.2
P0053,1,3,699,1.7000000000000002,0.7,489.29999999999995
P0054,4,2,899,9.0,0.75,674.25
P0055,4,5,299,4.0,0.5,149.5
P0056,4,3,599,6.5,0.7,419.29999999999995
P0057,5,3,1099,6.8,0.7,769.3
P0058,5,5,199,1.7000000000000002,0.5,99.5
P0059,5,5,699,1.1,0.5,349.5
P0060,2,5,199,2.5,0.5,99.5
P0061,1,2,1099,2.8,0.75,824.25
P0062,5,1,1899,5.8,0.8,1519.2
P0063,5,2,1499,5.7,0.75,1124.25
P0064,4,5,99,2.5,0.5,49.5
P0065,3,5,199,4.9,0.5,99.5
P0066,3,3,999,5.6,0.7,699.3
P0067,5,2,1099,6.0,0.75,824.25
P0068,2,2,999,9.8,0.75,749.25
P0069,5,2,1099,9.8,0.75,824.25
P0070,2,3,1199,1.9,0.7,839.3
P0071,2,2,999,5.4,0.75,749.25
P0072,2,3,699,5.7,0.7,489.29999999999995
P0073,1,4,499,6.8,0.6,299.4
P0074,3,4,499,3.7,0.6,299.4
P0075,5,5,399,2.0,0.5,199.5
P0076,1,4,699,9.6,0.6,419.4
P0077,4,3,699,8.5,0.7,489.29999999999995
P0078,2,2,1599,8.6,0.75,1199.25
P0079,4,5,699,5.1,0.5,349.5
P0080,1,2,1499,4.0,0.75,1124.25
P0081,5,5,99,5.1,0.5,49.5
P0082,2,2,1199,8.8,0.75,899.25
P0083,5,4,899,9.4,0.6,539.4
P0084,4,5,499,3.9,0.5,249.5
P0085,3,5,299,5.8,0.5,149.5
P0086,2,4,699,7.2,0.6,419.4
P0087,4,4,799,8.2,0.6,479.4
P0088,5,5,799,4.0,0.5,399.5
P0089,2,5,499,3.5,0.5,249.5
P0090,4,1,1999,7.6,0.8,1599.2
P0091,4,4,699,8.0,0.6,419.4
P0092,1,1,1899,1.7000000000000002,0.8,1519.2
P0093,1,3,1299,8.6,0.7,909.3
P0094,5,3,1199,6.6,0.7,839.3
P0095,4,5,299,7.7,0.5,149.5
P0096,1,2,1399,8.5,0.75,1049.25
P0097,1,1,1799,7.5,0.8,1439.2
P0098,3,4,999,7.7,0.6,599.4
P0099,3,4,899,4.4,0.6,539.4
P0100,2,5,499,5.9,0.5,249.5
P0101,4,4,699,3.7,0.6,419.4
P0102,5,4,599,3.8,0.6,359.4
P0103,4,1,1999,4.8,0.8,1599.2
P0104,3,1,1899,4.6,0.8,1519.2
P0105,3,3,899,4.3,0.7,629.3
P0106,2,2,1499,5.7,0.75,1124.25
P0107,5,1,1999,7.7,0.8,1599.2
P0108,5,5,499,5.2,0.5,249.5
P0109,1,4,699,2.3,0.6,419.4
P0110,2,3,899,6.3,0.7,629.3
P0111,2,2,1599,5.8,0.75,1199.25
P0112,4,5,799,7.2,0.5,399.5
P0113,4,1,1299,7.9,0.8,1039.2
P0114,5,4,999,6.9,0.6,599.4
P0115,4,1,1399,7.7,0.8,1119.2
P0116,5,5,599,7.9,0.5,299.5
P0117,4,3,899,2.3,0.7,629.3
P0118,4,5,199,8.2,0.5,99.5
P0119,2,3,1099,7.6,0.7,769.3
P0120,3,5,299,8.0,0.5,149.5
P0121,3,5,99,7.1,0.5,49.5
P0122,1,2,1399,9.6,0.75,1049.25
P0123,4,5,299,10.0,0.5,149.5
P0124,4,5,199,9.6,0.5,99.5
P0125,2,4,1099,3.9,0.6,659.4
P0126,1,1,1299,7.0,0.8,1039.2
P0127,5,3,1299,6.7,0.7,909.3
P0128,2,4,399,2.5,0.6,239.39999999999998
P0129,2,4,899,1.4,0.6,539.4
P0130,2,5,799,6.5,0.5,399.5
P0131,2,3,999,7.6,0.7,699.3
P0132,5,2,1199,9.4,0.75,899.25
P0133,4,2,1399,9.5,0.75,1049.25
P0134,5,4,499,2.9,0.6,299.4
P0135,5,2,1599,4.6,0.75,1199.25
P0136,2,4,499,3.0,0.6,299.4
P0137,5,4,599,3.4,0.6,359.4
P0138,1,1,1999,3.9,0.8,1599.2
P0139,1,3,999,3.0,0.7,699.3
P0140,5,2,1299,8.0,0.75,974.25
P0141,1,2,1499,2.4,0.75,1124.25
P0142,2,4,999,7.7,0.6,599.4
P0143,4,1,1499,2.8,0.8,1199.2
P0144,1,3,1299,9.8,0.7,909.3
P0145,2,4,399,9.7,0.6,239.39999999999998
P0146,4,3,799,7.5,0.7,559.3
P0147,2,5,699,5.1,0.5,349.5
P0148,4,5,99,4.9,0.5,49.5
P0149,3,3,899,2.8,0.7,629.3
P0150,2,3,699,9.5,0.7,489.29999999999995
P0151,2,3,799,3.3,0.7,559.3
P0152,4,3,999,8.8,0.7,699.3
P0153,1,3,1199,2.5,0.7,839.3
P0154,2,5,799,2.2,0.5,399.5
P0155,5,1,1699,4.8,0.8,1359.2
P0156,4,5,699,9.4,0.5,349.5
P0157,2,2,999,5.4,0.75,749.25
P0158,2,1,1999,4.9,0.8,1599.2
P0159,1,1,1399,4.8,0.8,1119.2
P0160,5,4,399,7.4,0.6,239.39999999999998
P0161,2,1,1299,6.7,0.8,1039.2
P0162,3,1,1499,6.6,0.8,1199.2
P0163,1,4,699,7.2,0.6,419.4
P0164,4,2,1399,4.7,0.75,1049.25
P0165,4,2,1499,6.6,0.75,1124.25
P0166,5,2,1399,3.4,0.75,1049.25
P0167,3,4,499,3.8,0.6,299.4
P0168,4,1,1599,5.8,0.8,1279.2
P0169,2,2,899,3.5,0.75,674.25
P0170,1,3,699,9.6,0.7,489.29999999999995
P0171,3,5,299,1.8,0.5,149.5
P0172,2,5,599,8.9,0.5,299.5
P0173,2,3,1199,2.9,0.7,839.3
P0174,2,4,599,3.8,0.6,359.4
P0175,5,1,1899,5.9,0.8,1519.2
P0176,3,2,1299,3.6,0.75,974.25
P0177,1,4,899,9.0,0.6,539.4
P0178,1,2,1299,3.0,0.75,974.25
P0179,3,4,1099,9.7,0.6,659.4
P0180,4,5,99,4.9,0.5,49.5
P0181,1,2,999,7.9,0.75,749.25
P0182,1,5,499,3.1,0.5,249.5
P0183,4,4,999,6.8,0.6,599.4
P0184,4,2,1399,3.5,0.75,1049.25
P0185,4,1,1699,1.7000000000000002,0.8,1359.2
P0186,3,4,599,4.6,0.6,359.4
P0187,3,5,299,1.8,0.5,149.5
P0188,4,2,899,9.5,0.75,674.25
P0189,5,2,1499,5.5,0.75,1124.25
P0190,1,1,1299,4.0,0.8,1039.2
P0191,3,3,1099,9.3,0.7,769.3
P0192,2,2,999,4.8,0.75,749.25
P0193,2,3,599,8.5,0.7,419.29999999999995
P0194,3,1,1399,8.0,0.8,1119.2
P0195,3,3,799,3.6,0.7,559.3
P0196,3,2,1299,9.9,0.75,974.25
P0197,1,2,1099,6.9,0.75,824.25
P0198,1,1,1899,3.6,0.8,1519.2
P0199,3,2,1199,5.4,0.75,899.25
P0200,2,3,1299,6.6,0.7,909.3
P0201,2,1,1499,1.6,0.8,1199.2
P0202,4,3,799,5.5,0.7,559.3
P0203,5,1,1299,3.6,0.8,1039.2
P0204,3,2,899,6.5,0.75,674.25
P0205,2,3,799,3.7,0.7,559.3
P0206,5,1,1999,1.5,0.8,1599.2
P0207,5,2,1299,10.0,0.75,974.25
P0208,4,2,1199,2.7,0.75,899.25
P0209,1,3,699,3.3,0.7,489.29999999999995
P0210,5,4,499,8.5,0.6,299.4
P0211,5,3,699,6.5,0.7,489.29999999999995
P0212,3,2,1199,3.8,0.75,899.25
P0213,3,5,599,7.4,0.5,299.5
P0214,2,4,699,8.9,0.6,419.4
P0215,3,1,1299,2.9,0.8,1039.2
P0216,5,2,1099,8.9,0.75,824.25
P0217,2,4,1099,2.4,0.6,659.4
P0218,4,4,1099,7.5,0.6,659.4
P0219,4,1,1599,5.8,0.8,1279.2
P0220,3,5,599,8.4,0.5,299.5
P0221,4,5,99,8.8,0.5,49.5
P0222,5,4,399,5.7,0.6,239.39999999999998
P0223,1,2,1399,9.7,0.75,1049.25
P0224,2,3,1299,1.4,0.7,909.3
P0225,1,2,1599,8.6,0.75,1199.25
P0226,2,5,799,4.0,0.5,399.5
P0227,4,1,1599,2.8,0.8,1279.2
P0228,3,4,499,8.6,0.6,299.4
P0229,2,2,899,1.4,0.75,674.25
P0230,5,3,1299,8.4,0.7,909.3
P0231,2,3,999,4.6,0.7,699.3
P0232,3,4,899,2.0,0.6,539.4
P0233,4,2,1299,2.6,0.75,974.25
P0234,5,2,1599,5.8,0.75,1199.25
P0235,4,4,499,9.9,0.6,299.4
P0236,3,2,899,9.0,0.75,674.25
P0237,3,5,399,4.1,0.5,199.5
P0238,1,2,1099,5.6,0.75,824.25
P0239,3,2,999,3.6,0.75,749.25
P0240,5,5,399,5.5,0.5,199.5
P0241,2,2,1199,2.7,0.75,899.25
P0242,2,2,1399,9.9,0.75,1049.25
P0243,3,1,1899,5.6,0.8,1519.2
P0244,2,5,99,7.6,0.5,49.5
P0245,1,2,1199,9.0,0.75,899.25
P0246,4,3,1299,2.9,0.7,909.3
P0247,2,4,699,7.7,0.6,419.4
P0248,5,5,699,9.6,0.5,349.5
P0249,2,3,899,5.7,0.7,629.3
P0250,5,2,999,9.7,0.75,749.25
P0251,2,2,1299,9.0,0.75,974.25
P0252,2,1,1599,4.6,0.8,1279.2
P0253,1,5,699,10.0,0.5,349.5
P0254,5,1,1599,8.6,0.8,1279.2
P0255,4,1,1899,6.6,0.8,1519.2
P0256,4,3,899,4.9,0.7,629.3
P0257,1,2,999,9.8,0.75,749.25
P0258,3,5,799,5.3,0.5,399.5
P0259,5,4,399,9.0,0.6,239.39999999999998
P0260,1,3,1199,7.7,0.7,839.3
P0261,3,3,1099,1.6,0.7,769.3
P0262,2,4,399,3.4,0.6,239.39999999999998
P0263,4,3,1299,8.5,0.7,909.3
P0264,4,3,1299,7.4,0.7,909.3
P0265,5,2,1599,3.4,0.75,1199.25
P0266,1,1,1799,2.6,0.8,1439.2
P0267,5,1,1399,2.7,0.8,1119.2
P0268,5,2,1399,1.8,0.75,1049.25
P0269,1,3,699,7.6,0.7,489.29999999999995
P0270,5,3,599,6.4,0.7,419.29999999999995
P0271,5,2,899,1.7000000000000002,0.75,674.25
P0272,3,4,399,2.6,0.6,239.39999999999998
P0273,5,3,1299,3.5,0.7,909.3
P0274,3,5,199,9.1,0.5,99.5
P0275,3,4,499,7.0,0.6,299.4
P0276,5,2,1499,9.9,0.75,1124.25
P0277,1,3,599,8.0,0.7,419.29999999999995
P0278,1,1,1999,1.6,0.8,1599.2
P0279,4,5,699,1.5,0.5,349.5
P0280,2,4,699,8.8,0.6,419.4
P0281,3,2,1199,1.5,0.75,899.25
P0282,3,5,199,5.5,0.5,99.5
P0283,3,5,99,6.6,0.5,49.5
P0284,1,3,699,3.3,0.7,489.29999999999995
P0285,3,5,499,6.9,0.5,249.5
P0286,5,1,1399,4.5,0.8,1119.2
P0287,1,1,1799,6.7,0.8,1439.2
P0288,2,4,699,8.5,0.6,419.4
P0289,2,5,399,5.9,0.5,199.5
P0290,1,5,99,6.7,0.5,49.5
P0291,5,1,1699,9.8,0.8,1359.2
P0292,4,3,799,3.0,0.7,559.3
P0293,3,1,1599,3.8,0.8,1279.2
P0294,2,5,99,5.6,0.5,49.5
P0295,2,4,399,5.2,0.6,239.39999999999998
P0296,2,2,1299,3.9,0.75,974.25
P0297,2,2,1099,4.7,0.75,824.25
P0298,2,1,1499,6.9,0.8,1199.2
P0299,5,4,899,5.6,0.6,539.4
P0300,2,3,1299,2.3,0.7,909.3
P0301,1,2,1299,4.8,0.75,974.25
P0302,1,4,999,6.2,0.6,599.4
P0303,3,3,799,3.8,0.7,559.3
P0304,1,1,1699,4.5,0.8,1359.2
P0305,1,4,699,7.3,0.6,419.4
P0306,2,1,1799,5.9,0.8,1439.2
P0307,5,3,1299,9.9,0.7,909.3
P0308,4,5,799,4.1,0.5,399.5
P0309,4,2,1199,1.7000000000000002,0.75,899.25
P0310,2,3,1199,8.6,0.7,839.3
P0311,2,2,1199,8.7,0.75,899.25
P0312,4,3,899,4.7,0.7,629.3
P0313,4,1,1999,8.9,0.8,1599.2
P0314,2,1,1499,7.0,0.8,1199.2
P0315,1,4,699,2.3,0.6,419.4
P0316,2,3,799,9.4,0.7,559.3
P0317,1,1,1599,7.0,0.8,1279.2
P0318,2,4,1099,5.5,0.6,659.4
P0319,1,5,399,4.1,0.5,199.5
P0320,3,2,1099,7.9,0.75,824.25
P0321,3,1,1499,2.7,0.8,1199.2
P0322,3,1,1599,6.5,0.8,1279.2
P0323,5,2,1099,5.7,0.75,824.25
P0324,1,2,1099,3.9,0.75,824.25
P0325,4,1,1699,5.0,0.8,1359.2
P0326,1,4,899,1.6,0.6,539.4
P0327,2,2,1099,7.4,0.75,824.25
P0328,2,1,1399,2.9,0.8,1119.2
P0329,3,5,499,4.8,0.5,249.5
P0330,1,5,399,2.9,0.5,199.5
P0331,2,2,999,4.4,0.75,749.25
P0332,5,1,1499,5.9,0.8,1199.2
P0333,4,1,1499,6.6,0.8,1199.2
P0334,4,2,999,1.4,0.75,749.25
P0335,1,3,1099,9.3,0.7,769.3
P0336,5,4,799,3.4,0.6,479.4
P0337,1,4,999,8.7,0.6,599.4
P0338,3,5,499,6.7,0.5,249.5
P0339,5,1,1699,7.7,0.8,1359.2
P0340,5,5,699,4.1,0.5,349.5
P0341,1,5,399,5.8,0.5,199.5
P0342,3,4,899,1.3,0.6,539.4
P0343,1,3,699,7.8,0.7,489.29999999999995
P0344,1,5,799,3.5,0.5,399.5
P0345,3,2,1199,8.7,0.75,899.25
P0346,1,1,1399,7.5,0.8,1119.2
P0347,1,5,299,7.7,0.5,149.5
P0348,5,3,899,2.7,0.7,629.3
P0349,5,3,1299,9.8,0.7,909.3
P0350,2,2,1099,4.6,0.75,824.25
P0351,2,1,1299,8.5,0.8,1039.2
P0352,4,5,599,4.0,0.5,299.5
P0353,1,5,599,7.8,0.5,299.5
P0354,1,3,699,7.8,0.7,489.29999999999995
P0355,5,1,1899,10.0,0.8,1519.2
P0356,5,2,1099,2.0,0.75,824.25
P0357,2,3,1099,7.4,0.7,769.3
P0358,4,3,899,7.4,0.7,629.3
P0359,1,5,599,5.9,0.5,299.5
P0360,1,1,1499,1.7000000000000002,0.8,1199.2
P0361,4,1,1499,8.5,0.8,1199.2
P0362,3,3,799,5.8,0.7,559.3
P0363,2,3,1199,3.7,0.7,839.3
P0364,3,3,999,2.3,0.7,699.3
P0365,4,4,499,8.7,0.6,299.4
P0366,1,2,1199,2.9,0.75,899.25
P0367,4,1,1399,7.6,0.8,1119.2
P0368,1,4,399,9.6,0.6,239.39999999999998
P0369,3,3,1099,4.6,0.7,769.3
P0370,3,5,299,9.2,0.5,149.5
P0371,5,1,1699,9.5,0.8,1359.2
P0372,1,1,1799,7.7,0.8,1439.2
P0373,1,5,299,4.9,0.5,149.5
P0374,1,3,599,9.4,0.7,419.29999999999995
P0375,3,1,1499,2.5,0.8,1199.2
P0376,5,2,1599,9.8,0.75,1199.25
P0377,1,1,1899,5.6,0.8,1519.2
P0378,3,4,1099,7.6,0.6,659.4
P0379,1,1,1399,1.5,0.8,1119.2
P0380,5,4,399,7.5,0.6,239.39999999999998
P0381,3,4,599,9.2,0.6,359.4
P0382,4,1,1299,4.9,0.8,1039.2
P0383,5,3,599,9.7,0.7,419.29999999999995
P0384,1,1,1499,7.5,0.8,1199.2
P0385,3,2,1499,7.0,0.75,1124.25
P0386,5,4,399,6.4,0.6,239.39999999999998
P0387,4,4,599,4.8,0.6,359.4
P0388,3,1,1599,8.6,0.8,1279.2
P0389,5,1,1799,9.0,0.8,1439.2
P0390,1,3,1099,6.6,0.7,769.3
P0391,1,4,1099,5.0,0.6,659.4
P0392,2,2,1599,1.7000000000000002,0.75,1199.25
P0393,3,2,1599,8.0,0.75,1199.25
P0394,4,2,1199,2.4,0.75,899.25
P0395,4,2,999,9.5,0.75,749.25
P0396,1,3,599,7.3,0.7,419.29999999999995
P0397,2,3,699,6.4,0.7,489.29999999999995
P0398,2,1,1299,2.0,0.8,1039.2
P0399,5,5,399,6.8,0.5,199.5
P0400,1,1,1499,7.6,0.8,1199.2
P0401,3,1,1899,6.7,0.8,1519.2
P0402,1,2,1299,7.6,0.75,974.25
P0403,3,5,699,6.4,0.5,349.5
P0404,2,3,599,3.3,0.7,419.29999999999995
P0405,4,1,1999,3.7,0.8,1599.2
P0406,5,4,399,4.3,0.6,239.39999999999998
P0407,2,2,1099,9.6,0.75,824.25
P0408,2,3,1199,5.8,0.7,839.3
P0409,5,3,1199,3.7,0.7,839.3
P0410,2,5,299,8.4,0.5,149.5
P0411,1,3,1199,6.3,0.7,839.3
P0412,3,1,1399,6.7,0.8,1119.2
P0413,1,5,499,1.7000000000000002,0.5,249.5
P0414,1,5,99,8.1,0.5,49.5
P0415,1,2,1299,3.0,0.75,974.25
P0416,2,2,1599,9.4,0.75,1199.25
P0417,5,1,1499,2.8,0.8,1199.2
P0418,1,1,1999,4.7,0.8,1599.2
P0419,5,1,1499,5.7,0.8,1199.2
P0420,1,2,1199,9.6,0.75,899.25
P0421,3,2,1099,5.0,0.75,824.25
P0422,2,3,899,5.9,0.7,629.3
P0423,3,1,1799,4.0,0.8,1439.2
P0424,2,2,899,5.0,0.75,674.25
P0425,3,1,1799,9.0,0.8,1439.2
P0426,1,1,1799,9.8,0.8,1439.2
P0427,3,4,499,3.6,0.6,299.4
P0428,4,5,199,9.1,0.5,99.5
P0429,5,3,1099,7.4,0.7,769.3
P0430,2,3,899,6.6,0.7,629.3
P0431,5,3,599,3.7,0.7,419.29999999999995
P0432,4,5,399,8.2,0.5,199.5
P0433,5,2,1599,2.4,0.75,1199.25
P0434,5,3,599,2.8,0.7,419.29999999999995
P0435,5,3,699,6.4,0.7,489.29999999999995
P0436,2,1,1299,3.9,0.8,1039.2
P0437,2,5,199,4.1,0.5,99.5
P0438,5,2,1199,5.0,0.75,899.25
P0439,4,2,1499,7.5,0.75,1124.25
P0440,4,3,599,9.3,0.7,419.29999999999995
P0441,2,1,1599,6.8,0.8,1279.2
P0442,5,4,1099,8.3,0.6,659.4
P0443,2,5,199,6.2,0.5,99.5
P0444,2,1,1599,9.5,0.8,1279.2
P0445,5,3,799,3.0,0.7,559.3
P0446,5,4,1099,3.0,0.6,659.4
P0447,3,1,1399,1.6,0.8,1119.2
P0448,1,4,599,8.5,0.6,359.4
P0449,3,3,899,4.3,0.7,629.3
P0450,5,5,599,2.3,0.5,299.5
P0451,2,1,1999,3.7,0.8,1599.2
P0452,4,3,799,3.3,0.7,559.3
P0453,2,1,1499,9.6,0.8,1199.2
P0454,2,3,799,8.8,0.7,559.3
P0455,3,4,499,3.4,0.6,299.4
P0456,1,3,1199,7.5,0.7,839.3
P0457,2,4,799,7.2,0.6,479.4
P0458,4,2,1299,3.8,0.75,974.25
P0459,4,1,1899,2.5,0.8,1519.2
P0460,1,2,1499,8.9,0.75,1124.25
P0461,3,2,1199,1.4,0.75,899.25
P0462,2,5,299,8.5,0.5,149.5
P0463,4,2,1299,5.6,0.75,974.25
P0464,1,5,799,4.7,0.5,399.5
P0465,5,3,999,9.3,0.7,699.3
P0466,3,5,99,6.3,0.5,49.5
P0467,3,3,999,8.7,0.7,699.3
P0468,3,2,999,1.6,0.75,749.25
P0469,2,4,699,8.4,0.6,419.4
P0470,5,2,1399,3.6,0.75,1049.25
P0471,3,2,1099,7.0,0.75,824.25
P0472,5,5,399,7.0,0.5,199.5
P0473,2,2,1499,7.6,0.75,1124.25
P0474,4,2,1499,2.7,0.75,1124.25
P0475,1,3,999,6.4,0.7,699.3
P0476,5,5,599,4.3,0.5,299.5
P0477,4,4,1099,7.0,0.6,659.4
P0478,4,5,599,8.3,0.5,299.5
P0479,3,5,699,4.6,0.5,349.5
P0480,5,5,399,8.0,0.5,199.5
P0481,4,4,699,8.4,0.6,419.4
P0482,2,1,1899,9.9,0.8,1519.2
P0483,3,5,499,3.3,0.5,249.5
P0484,1,5,399,5.3,0.5,199.5
P0485,2,1,1399,4.0,0.8,1119.2
P0486,3,2,999,3.5,0.75,749.25
P0487,3,3,899,3.0,0.7,629.3
P0488,3,5,799,8.4,0.5,399.5
P0489,1,3,1099,2.4,0.7,769.3
P0490,4,5,199,1.4,0.5,99.5
P0491,4,5,299,6.9,0.5,149.5
P0492,5,2,1199,2.5,0.75,899.25
P0493,1,1,1799,5.5,0.8,1439.2
P0494,2,4,499,2.3,0.6,299.4
P0495,5,1,1299,9.8,0.8,1039.2
P0496,5,2,999,9.7,0.75,749.25
P0497,3,1,1399,8.6,0.8,1119.2
P0498,4,1,1799,9.5,0.8,1439.2
P0499,5,2,999,1.5,0.75,749.25
P0500,1,2,1099,7.5,0.75,824.25
P0501,5,5,599,7.8,0.5,299.5
P0502,2,5,199,2.3,0.5,99.5
P0503,1,2,1099,8.0,0.75,824.25
P0504,5,2,1199,9.7,0.75,899.25
P0505,4,5,299,1.9,0.5,149.5
P0506,2,3,1199,8.6,0.7,839.3
P0507,2,2,1399,1.9,0.75,1049.25
P0508,3,3,599,9.7,0.7,419.29999999999995
P0509,5,1,1599,1.5,0.8,1279.2
P0510,5,3,699,10.0,0.7,489.29999999999995
P0511,3,4,499,2.6,0.6,299.4
P0512,3,4,399,7.5,0.6,239.39999999999998
P0513,4,5,699,1.9,0.5,349.5
P0514,3,5,499,4.1,0.5,249.5
P0515,4,3,1199,6.4,0.7,839.3
P0516,5,2,1399,9.7,0.75,1049.25
P0517,1,5,399,8.5,0.5,199.5
P0518,3,1,1899,2.8,0.8,1519.2
P0519,5,4,999,8.8,0.6,599.4
P0520,3,1,1799,4.5,0.8,1439.2
P0521,4,4,499,2.5,0.6,299.4
P0522,4,3,1099,6.3,0.7,769.3
P0523,5,1,1499,1.9,0.8,1199.2
P0524,4,2,1299,9.7,0.75,974.25
P0525,5,2,899,1.8,0.75,674.25
P0526,2,5,599,5.8,0.5,299.5
P0527,4,1,1399,1.5,0.8,1119.2
P0528,2,5,599,3.5,0.5,299.5
P0529,3,4,499,1.3,0.6,299.4
P0530,1,4,799,8.3,0.6,479.4
P0531,5,1,1899,4.8,0.8,1519.2
P0532,2,5,399,7.4,0.5,199.5
P0533,2,4,499,6.9,0.6,299.4
P0534,1,1,1799,5.5,0.8,1439.2
P0535,2,1,1299,8.0,0.8,1039.2
P0536,5,3,599,8.9,0.7,419.29999999999995
P0537,4,4,899,8.4,0.6,539.4
P0538,1,3,1199,8.0,0.7,839.3
P0539,4,1,1899,7.0,0.8,1519.2
P0540,2,2,1499,4.9,0.75,1124.25
P0541,2,3,699,2.6,0.7,489.29999999999995
P0542,3,1,1699,5.0,0.8,1359.2
P0543,2,1,1299,6.8,0.8,1039.2
P0544,3,5,599,1.2,0.5,299.5
P0545,4,1,1599,4.9,0.8,1279.2
P0546,2,1,1699,4.0,0.8,1359.2
P0547,1,2,1399,1.7000000000000002,0.75,1049.25
P0548,3,3,1099,5.7,0.7,769.3
P0549,4,4,699,8.2,0.6,419.4
P0550,1,1,1499,4.0,0.8,1199.2
P0551,3,5,799,7.4,0.5,399.5
P0552,4,2,1299,7.9,0.75,974.25
P0553,5,2,1299,5.5,0.75,974.25
P0554,2,1,1499,6.9,0.8,1199.2
P0555,2,5,799,2.7,0.5,399.5
P0556,4,1,1999,2.0,0.8,1599.2
P0557,3,5,199,2.6,0.5,99.5
P0558,3,2,1399,6.0,0.75,1049.25
P0559,2,3,1099,1.4,0.7,769.3
P0560,4,3,1199,1.6,0.7,839.3
P0561,2,5,199,4.7,0.5,99.5
P0562,4,3,699,7.5,0.7,489.29999999999995
P0563,2,1,1799,9.7,0.8,1439.2
P0564,1,5,399,2.1,0.5,199.5
P0565,2,3,1199,6.3,0.7,839.3
P0566,5,4,399,3.5,0.6,239.39999999999998
P0567,3,2,1199,2.8,0.75,899.25
P0568,5,1,1799,7.7,0.8,1439.2
P0569,2,3,1199,3.5,0.7,839.3
P0570,2,4,499,5.6,0.6,299.4
P0571,1,2,899,7.8,0.75,674.25
P0572,5,2,1199,4.7,0.75,899.25
P0573,4,2,1599,3.7,0.75,1199.25
P0574,2,4,599,7.2,0.6,359.4
P0575,4,4,699,4.5,0.6,419.4
P0576,2,4,1099,7.5,0.6,659.4
P0577,1,4,499,1.9,0.6,299.4
P0578,4,4,899,5.9,0.6,539.4
P0579,4,5,699,8.7,0.5,349.5
P0580,1,4,499,8.6,0.6,299.4
P0581,2,4,699,5.0,0.6,419.4
P0582,5,3,699,3.0,0.7,489.29999999999995
P0583,5,4,599,9.2,0.6,359.4
P0584,2,4,999,1.5,0.6,599.4
P0585,1,2,1399,6.4,0.75,1049.25
P0586,4,4,799,4.7,0.6,479.4
P0587,2,3,899,3.3,0.7,629.3
P0588,5,1,1399,2.8,0.8,1119.2
P0589,5,2,1499,6.0,0.75,1124.25
P0590,2,4,599,1.7000000000000002,0.6,359.4
P0591,5,3,999,1.3,0.7,699.3
P0592,1,4,599,9.4,0.6,359.4
P0593,2,3,899,9.5,0.7,629.3
P0594,3,5,99,2.0,0.5,49.5
P0595,3,1,1899,4.7,0.8,1519.2
P0596,3,5,99,6.1,0.5,49.5
P0597,4,5,499,4.4,0.5,249.5
P0598,5,4,699,5.4,0.6,419.4
P0599,3,5,399,3.2,0.5,199.5
P0600,2,3,999,4.7,0.7,699.3
P0601,4,4,999,8.2,0.6,599.4
P0602,3,3,599,5.3,0.7,419.29999999999995
P0603,3,4,999,6.9,0.6,599.4
P0604,1,4,699,6.8,0.6,419.4
P0605,3,2,899,3.7,0.75,674.25
P0606,5,3,1199,8.5,0.7,839.3
P0607,1,1,1399,9.0,0.8,1119.2
P0608,2,5,499,3.4,0.5,249.5
P0609,4,4,799,2.6,0.6,479.4
P0610,5,4,899,8.9,0.6,539.4
P0611,4,1,1999,2.7,0.8,1599.2
P0612,3,5,799,5.6,0.5,399.5
P0613,5,4,599,8.9,0.6,359.4
P0614,2,1,1599,5.7,0.8,1279.2
P0615,4,2,1099,1.6,0.75,824.25
P0616,2,5,199,5.0,0.5,99.5
P0617,4,2,1499,10.0,0.75,1124.25
P0618,5,4,999,4.3,0.6,599.4
P0619,1,5,499,8.8,0.5,249.5
P0620,2,2,1099,5.8,0.75,824.25
P0621,3,1,1599,8.9,0.8,1279.2
P0622,2,5,799,9.8,0.5,399.5
P0623,2,4,799,3.6,0.6,479.4
P0624,1,5,199,8.9,0.5,99.5
P0625,1,4,699,2.0,0.6,419.4
P0626,2,5,799,9.4,0.5,399.5
P0627,4,2,899,9.4,0.75,674.25
P0628,5,3,1199,5.6,0.7,839.3
P0629,3,5,799,1.2,0.5,399.5
P0630,4,1,1799,9.6,0.8,1439.2
P0631,2,1,1499,7.8,0.8,1199.2
P0632,2,4,899,3.6,0.6,539.4
P0633,1,3,599,8.5,0.7,419.29999999999995
P0634,4,2,1499,9.4,0.75,1124.25
P0635,3,1,1299,2.8,0.8,1039.2
P0636,5,5,399,5.3,0.5,199.5
P0637,3,1,1899,5.5,0.8,1519.2
P0638,4,5,499,5.4,0.5,249.5
P0639,5,2,1499,9.6,0.75,1124.25
P0640,2,5,199,1.3,0.5,99.5
P0641,5,5,399,2.5,0.5,199.5
P0642,2,4,999,5.2,0.6,599.4
P0643,2,4,399,7.6,0.6,239.39999999999998
P0644,1,2,899,5.0,0.75,674.25
P0645,4,4,1099,7.4,0.6,659.4
P0646,4,4,399,7.2,0.6,239.39999999999998
P0647,2,1,1899,9.5,0.8,1519.2
P0648,2,1,1499,3.9,0.8,1199.2
P0649,5,1,1399,3.7,0.8,1119.2
P0650,1,1,1299,4.6,0.8,1039.2
P0651,4,1,1599,4.6,0.8,1279.2
P0652,3,5,699,4.8,0.5,349.5
P0653,5,3,1199,3.5,0.7,839.3
P0654,2,4,699,2.0,0.6,419.4
P0655,1,3,899,7.5,0.7,629.3
P0656,3,4,399,2.2,0.6,239.39999999999998
P0657,4,3,1099,4.9,0.7,769.3
P0658,1,5,199,2.7,0.5,99.5
P0659,2,5,99,1.2,0.5,49.5
P0660,3,3,1199,3.9,0.7,839.3
P0661,3,5,399,4.9,0.5,199.5
P0662,3,4,699,7.9,0.6,419.4
P0663,2,3,1099,5.7,0.7,769.3
P0664,1,5,599,1.6,0.5,299.5
P0665,4,2,1099,2.6,0.75,824.25
P0666,5,2,1199,5.6,0.75,899.25
P0667,4,2,1099,5.5,0.75,824.25
P0668,1,2,1499,4.4,0.75,1124.25
P0669,5,5,599,1.6,0.5,299.5
P0670,3,1,1599,2.8,0.8,1279.2
P0671,2,5,799,3.0,0.5,399.5
P0672,1,2,1199,1.8,0.75,899.25
P0673,4,3,899,4.6,0.7,629.3
P0674,4,5,499,9.0,0.5,249.5
P0675,2,2,1099,2.5,0.75,824.25
P0676,5,2,1199,5.7,0.75,899.25
P0677,4,3,699,5.5,0.7,489.29999999999995
P0678,3,4,699,7.5,0.6,419.4
P0679,3,3,1099,4.0,0.7,769.3
P0680,1,4,799,9.9,0.6,479.4
P0681,1,5,599,4.0,0.5,299.5
P0682,5,3,1199,8.9,0.7,839.3
P0683,5,5,299,6.1,0.5,149.5
P0684,4,5,199,8.3,0.5,99.5
P0685,5,5,699,9.3,0.5,349.5
P0686,3,3,999,8.9,0.7,699.3
P0687,5,3,799,10.0,0.7,559.3
P0688,4,4,999,2.4,0.6,599.4
P0689,5,3,599,4.9,0.7,419.29999999999995
P0690,2,2,999,8.6,0.75,749.25
P0691,1,1,1799,1.5,0.8,1439.2
P0692,5,5,499,8.2,0.5,249.5
P0693,3,3,899,8.9,0.7,629.3
P0694,5,5,299,9.0,0.5,149.5
P0695,5,2,899,7.8,0.75,674.25
P0696,1,5,499,6.6,0.5,249.5
P0697,5,3,1299,1.3,0.7,909.3
P0698,5,3,1199,1.3,0.7,839.3
P0699,3,2,1399,6.4,0.75,1049.25
P0700,4,4,1099,3.0,0.6,659.4
P0701,2,3,899,3.3,0.7,629.3
P0702,1,2,999,9.8,0.75,749.25
P0703,1,2,1499,7.4,0.75,1124.25
P0704,1,4,699,4.3,0.6,419.4
P0705,3,5,499,2.7,0.5,249.5
P0706,4,4,899,3.3,0.6,539.4
P0707,1,5,99,5.3,0.5,49.5
P0708,3,5,599,7.2,0.5,299.5
P0709,1,1,1399,2.0,0.8,1119.2
P0710,2,3,699,8.8,0.7,489.29999999999995
P0711,3,3,999,3.6,0.7,699.3
P0712,3,3,599,5.8,0.7,419.29999999999995
P0713,1,3,1199,7.5,0.7,839.3
P0714,3,1,1299,6.8,0.8,1039.2
P0715,3,3,699,7.8,0.7,489.29999999999995
P0716,3,4,899,10.0,0.6,539.4
P0717,3,1,1999,3.7,0.8,1599.2
P0718,5,3,1199,9.8,0.7,839.3
P0719,3,4,1099,8.0,0.6,659.4
P0720,4,4,999,7.0,0.6,599.4
P0721,2,4,399,6.8,0.6,239.39999999999998
P0722,3,4,399,8.9,0.6,239.39999999999998
P0723,5,5,399,4.8,0.5,199.5
P0724,5,1,1699,6.8,0.8,1359.2
P0725,1,1,1999,2.6,0.8,1599.2
P0726,1,3,699,9.8,0.7,489.29999999999995
P0727,4,5,99,4.1,0.5,49.5
P0728,3,1,1399,9.7,0.8,1119.2
P0729,4,3,599,7.9,0.7,419.29999999999995
P0730,5,1,1599,8.7,0.8,1279.2
P0731,4,3,999,2.4,0.7,699.3
P0732,4,4,1099,1.8,0.6,659.4
P0733,4,5,299,3.7,0.5,149.5
P0734,4,5,299,5.2,0.5,149.5
P0735,4,2,1599,9.0,0.75,1199.25
P0736,1,3,899,7.3,0.7,629.3
P0737,2,4,999,6.5,0.6,599.4
P0738,2,4,699,6.9,0.6,419.4
P0739,3,4,999,9.4,0.6,599.4
P0740,3,2,999,7.4,0.75,749.25
P0741,4,1,1399,7.6,0.8,1119.2
P0742,2,2,1499,7.7,0.75,1124.25
P0743,3,3,999,9.5,0.7,699.3
P0744,3,1,1699,2.7,0.8,1359.2
P0745,5,1,1699,1.5,0.8,1359.2
P0746,1,5,799,5.3,0.5,399.5
P0747,5,2,1499,4.8,0.75,1124.25
P0748,2,1,1799,1.6,0.8,1439.2
P0749,2,4,999,2.0,0.6,599.4
P0750,1,5,599,5.3,0.5,299.5
P0751,1,4,599,4.4,0.6,359.4
P0752,1,4,499,1.6,0.6,299.4
P0753,3,5,399,1.2,0.5,199.5
P0754,4,1,1499,2.9,0.8,1199.2
P0755,4,2,1599,6.0,0.75,1199.25
P0756,5,5,199,8.9,0.5,99.5
P0757,5,4,999,10.0,0.6,599.4
P0758,5,1,1299,5.0,0.8,1039.2
P0759,3,2,1499,2.7,0.75,1124.25
P0760,2,1,1699,6.8,0.8,1359.2
P0761,1,2,999,10.0,0.75,749.25
P0762,2,3,799,9.5,0.7,559.3
P0763,3,3,1099,6.3,0.7,769.3
P0764,4,5,599,8.2,0.5,299.5
P0765,3,5,599,10.0,0.5,299.5
P0766,1,5,499,1.8,0.5,249.5
P0767,3,1,1399,2.9,0.8,1119.2
P0768,2,3,899,9.4,0.7,629.3
P0769,3,2,1499,7.6,0.75,1124.25
P0770,3,3,599,9.5,0.7,419.29999999999995
P0771,3,2,1099,6.4,0.75,824.25
P0772,5,5,199,6.7,0.5,99.5
P0773,5,4,899,1.2,0.6,539.4
P0774,4,5,799,2.5,0.5,399.5
P0775,2,4,799,4.0,0.6,479.4
P0776,3,3,1099,1.8,0.7,769.3
P0777,3,2,1199,3.9,0.75,899.25
P0778,5,1,1399,7.9,0.8,1119.2
P0779,1,3,1299,6.3,0.7,909.3
P0780,2,2,999,9.5,0.75,749.25
P0781,1,4,999,6.0,0.6,599.4
P0782,3,5,199,3.1,0.5,99.5
P0783,4,4,499,2.7,0.6,299.4
P0784,3,2,1399,7.6,0.75,1049.25
P0785,2,2,1399,2.6,0.75,1049.25
P0786,2,2,899,4.7,0.75,674.25
P0787,3,5,499,5.7,0.5,249.5
P0788,2,2,1499,8.5,0.75,1124.25
P0789,3,2,1499,4.7,0.75,1124.25
P0790,1,1,1899,7.6,0.8,1519.2
P0791,5,2,899,9.7,0.75,674.25
P0792,1,5,199,8.1,0.5,99.5
P0793,2,3,799,3.4,0.7,559.3
P0794,2,2,1499,6.8,0.75,1124.25
P0795,2,3,699,7.9,0.7,489.29999999999995
P0796,4,1,1599,2.0,0.8,1279.2
P0797,3,2,1099,3.4,0.75,824.25
P0798,3,1,1899,5.9,0.8,1519.2
P0799,1,1,1999,9.6,0.8,1599.2
P0800,3,2,1399,7.9,0.75,1049.25
P0801,4,5,199,6.5,0.5,99.5
P0802,2,5,399,7.2,0.5,199.5
P0803,5,2,1399,3.9,0.75,1049.25
P0804,3,1,1299,3.9,0.8,1039.2
P0805,2,1,1399,7.7,0.8,1119.2
P0806,2,3,999,4.7,0.7,699.3
P0807,4,3,599,3.9,0.7,419.29999999999995
P0808,5,5,299,8.6,0.5,149.5
P0809,1,2,1199,8.4,0.75,899.25
P0810,2,1,1499,4.9,0.8,1199.2
P0811,1,4,899,2.6,0.6,539.4
P0812,5,1,1399,5.8,0.8,1119.2
P0813,3,3,1199,9.7,0.7,839.3
P0814,2,5,199,5.5,0.5,99.5
P0815,4,5,799,2.4,0.5,399.5
P0816,4,2,999,5.4,0.75,749.25
P0817,4,2,1399,1.8,0.75,1049.25
P0818,3,3,899,9.6,0.7,629.3
P0819,5,5,299,9.3,0.5,149.5
P0820,4,4,599,1.7000000000000002,0.6,359.4
P0821,1,5,699,4.2,0.5,349.5
P0822,1,1,1299,10.0,0.8,1039.2
P0823,3,2,1199,1.7000000000000002,0.75,899.25
P0824,4,3,799,8.9,0.7,559.3
P0825,3,1,1599,7.8,0.8,1279.2
P0826,4,2,1399,9.6,0.75,1049.25
P0827,1,1,1299,2.0,0.8,1039.2
P0828,2,4,1099,2.3,0.6,659.4
P0829,5,1,1299,9.9,0.8,1039.2
P0830,4,3,1199,4.8,0.7,839.3
P0831,1,2,1499,7.0,0.75,1124.25
P0832,3,5,399,8.3,0.5,199.5
P0833,2,2,999,3.4,0.75,749.25
P0834,3,5,499,2.4,0.5,249.5
P0835,5,5,399,2.6,0.5,199.5
P0836,1,3,599,4.6,0.7,419.29999999999995
P0837,5,3,999,9.7,0.7,699.3
P0838,1,2,1299,1.6,0.75,974.25
P0839,4,3,1099,8.8,0.7,769.3
P0840,1,1,1499,4.6,0.8,1199.2
P0841,2,4,799,2.7,0.6,479.4
P0842,2,1,1499,8.6,0.8,1199.2
P0843,2,4,499,6.5,0.6,299.4
P0844,4,4,899,3.2,0.6,539.4
P0845,5,5,599,5.5,0.5,299.5
P0846,2,2,1399,4.9,0.75,1049.25
P0847,3,5,699,7.9,0.5,349.5
P0848,3,3,799,5.9,0.7,559.3
P0849,3,2,1099,8.9,0.75,824.25
P0850,5,1,1599,9.8,0.8,1279.2
P0851,1,4,899,1.3,0.6,539.4
P0852,3,4,999,2.8,0.6,599.4
P0853,1,4,399,9.5,0.6,239.39999999999998
P0854,4,5,99,6.3,0.5,49.5
P0855,1,4,399,3.5,0.6,239.39999999999998
P0856,2,3,599,8.7,0.7,419.29999999999995
P0857,2,3,699,2.0,0.7,489.29999999999995
P0858,2,4,499,4.3,0.6,299.4
P0859,1,2,1099,6.7,0.75,824.25
P0860,4,1,1299,9.0,0.8,1039.2
P0861,3,5,699,7.0,0.5,349.5
P0862,3,1,1499,8.9,0.8,1199.2
P0863,2,1,1299,4.6,0.8,1039.2
P0864,3,2,999,8.0,0.75,749.25
P0865,4,1,1699,1.5,0.8,1359.2
P0866,2,4,899,9.9,0.6,539.4
P0867,3,2,1499,3.5,0.75,1124.25
P0868,5,5,399,5.3,0.5,199.5
P0869,3,4,799,4.7,0.6,479.4
P0870,3,5,499,4.7,0.5,249.5
P0871,2,1,1699,8.5,0.8,1359.2
P0872,3,5,399,5.6,0.5,199.5
P0873,4,4,599,8.4,0.6,359.4
P0874,4,3,1199,5.3,0.7,839.3
P0875,4,3,699,9.7,0.7,489.29999999999995
P0876,3,5,499,4.9,0.5,249.5
P0877,2,1,1599,4.0,0.8,1279.2
P0878,2,4,999,4.2,0.6,599.4
P0879,1,2,1599,3.9,0.75,1199.25
P0880,3,5,199,3.2,0.5,99.5
P0881,1,5,799,2.1,0.5,399.5
P0882,4,3,999,6.6,0.7,699.3
P0883,4,2,1499,6.9,0.75,1124.25
P0884,3,5,499,2.1,0.5,249.5
P0885,4,3,1099,7.6,0.7,769.3
P0886,1,1,1599,1.7000000000000002,0.8,1279.2
P0887,1,4,999,6.0,0.6,599.4
P0888,4,5,499,5.8,0.5,249.5
P0889,1,1,1599,5.7,0.8,1279.2
P0890,4,1,1699,9.5,0.8,1359.2
P0891,5,1,1699,6.6,0.8,1359.2
P0892,3,3,899,9.4,0.7,629.3
P0893,5,3,599,5.5,0.7,419.29999999999995
P0894,5,4,799,8.0,0.6,479.4
P0895,1,2,1399,1.6,0.75,1049.25
P0896,3,4,1099,4.5,0.6,659.4
P0897,2,5,799,4.0,0.5,399.5
P0898,2,3,899,9.4,0.7,629.3
P0899,2,4,699,3.2,0.6,419.4
P0900,1,5,699,1.8,0.5,349.5
P0901,2,2,1399,4.4,0.75,1049.25
P0902,3,5,699,2.3,0.5,349.5
P0903,5,3,1199,3.0,0.7,839.3
P0904,2,2,999,5.4,0.75,749.25
P0905,5,3,999,2.7,0.7,699.3
P0906,4,2,899,3.0,0.75,674.25
P0907,1,4,999,3.4,0.6,599.4
P0908,4,5,599,8.6,0.5,299.5
P0909,3,5,599,8.1,0.5,299.5
P0910,5,3,899,6.8,0.7,629.3
P0911,1,3,699,8.4,0.7,489.29999999999995
P0912,5,3,799,7.5,0.7,559.3
P0913,4,5,399,6.6,0.5,199.5
P0914,4,2,1199,6.9,0.75,899.25
P0915,2,5,599,8.4,0.5,299.5
P0916,1,5,499,7.3,0.5,249.5
P0917,1,2,1199,2.5,0.75,899.25
P0918,3,5,799,1.7000000000000002,0.5,399.5
P0919,2,5,299,6.0,0.5,149.5
P0920,2,4,999,5.6,0.6,599.4
P0921,3,4,899,1.6,0.6,539.4
P0922,1,1,1899,4.8,0.8,1519.2
P0923,3,4,799,6.0,0.6,479.4
P0924,2,2,1399,9.6,0.75,1049.25
P0925,5,1,1699,9.7,0.8,1359.2
P0926,3,3,1099,3.3,0.7,769.3
P0927,1,2,999,8.5,0.75,749.25
P0928,2,3,699,5.7,0.7,489.29999999999995
P0929,1,4,499,8.4,0.6,299.4
P0930,1,2,999,8.7,0.75,749.25
P0931,4,4,399,3.8,0.6,239.39999999999998
P0932,5,4,499,9.4,0.6,299.4
P0933,5,3,1199,6.5,0.7,839.3
P0934,4,2,1399,6.6,0.75,1049.25
P0935,2,3,1199,9.0,0.7,839.3
P0936,4,2,1299,1.5,0.75,974.25
P0937,3,4,399,6.9,0.6,239.39999999999998
P0938,3,4,799,1.3,0.6,479.4
P0939,5,4,799,5.8,0.6,479.4
P0940,3,3,699,3.9,0.7,489.29999999999995
P0941,3,4,999,7.2,0.6,599.4
P0942,3,2,1199,1.7000000000000002,0.75,899.25
P0943,2,3,899,2.7,0.7,629.3
P0944,5,5,599,4.7,0.5,299.5
P0945,1,4,999,8.5,0.6,599.4
P0946,2,1,1899,4.5,0.8,1519.2
P0947,4,5,399,2.9,0.5,199.5
P0948,1,3,1299,6.8,0.7,909.3
P0949,2,2,1099,6.6,0.75,824.25
P0950,2,2,999,8.5,0.75,749.25
P0951,1,5,599,1.2,0.5,299.5
P0952,3,2,1399,6.8,0.75,1049.25
P0953,5,1,1499,7.0,0.8,1199.2
P0954,5,5,299,8.6,0.5,149.5
P0955,3,2,899,4.8,0.75,674.25
P0956,5,2,1499,8.9,0.75,1124.25
P0957,4,3,1299,8.5,0.7,909.3
P0958,3,2,1499,2.8,0.75,1124.25
P0959,1,5,199,8.4,0.5,99.5
P0960,3,1,1799,6.9,0.8,1439.2
P0961,3,3,799,4.5,0.7,559.3
P0962,3,4,799,4.9,0.6,479.4
P0963,4,4,699,7.8,0.6,419.4
P0964,2,5,99,6.3,0.5,49.5
P0965,4,4,599,3.9,0.6,359.4
P0966,5,1,1799,9.0,0.8,1439.2
P0967,1,1,1899,6.9,0.8,1519.2
P0968,2,2,1199,2.4,0.75,899.25
P0969,3,5,699,7.6,0.5,349.5
P0970,5,5,499,3.5,0.5,249.5
P0971,5,3,1099,2.4,0.7,769.3
P0972,4,3,699,1.4,0.7,489.29999999999995
P0973,5,4,499,3.9,0.6,299.4
P0974,1,4,999,7.6,0.6,599.4
P0975,5,1,1499,3.8,0.8,1199.2
P0976,1,2,999,2.4,0.75,749.25
P0977,2,3,1099,2.8,0.7,769.3
P0978,3,3,1299,9.8,0.7,909.3
P0979,3,1,1399,1.5,0.8,1119.2
P0980,1,1,1499,3.0,0.8,1199.2
P0981,5,4,999,9.0,0.6,599.4
P0982,3,1,1499,5.7,0.8,1199.2
P0983,1,1,1799,7.8,0.8,1439.2
P0984,3,3,799,3.7,0.7,559.3
P0985,5,4,499,9.0,0.6,299.4
P0986,1,5,199,3.4,0.5,99.5
P0987,3,4,799,5.3,0.6,479.4
P0988,4,1,1499,6.6,0.8,1199.2
P0989,4,1,1599,4.9,0.8,1279.2
P0990,2,5,699,8.8,0.5,349.5
P0991,1,5,699,2.2,0.5,349.5
P0992,5,2,1299,8.0,0.75,974.25
P0993,3,4,1099,1.9,0.6,659.4
P0994,4,5,599,7.7,0.5,299.5
P0995,2,3,599,1.3,0.7,419.29999999999995
P0996,4,5,499,9.8,0.5,249.5
P0997,5,3,1199,5.6,0.7,839.3
P0998,5,3,799,9.6,0.7,559.3
P0999,4,1,1499,4.9,0.8,1199.2
P1000,3,5,299,5.1,0.5,149.5
P1001,3,4,1099,7.4,0.6,659.4
P1002,2,2,899,6.0,0.75,674.25
P1003,4,3,1199,7.7,0.7,839.3
P1004,2,1,1699,3.9,0.8,1359.2
P1005,1,3,899,1.9,0.7,629.3
P1006,3,1,1399,9.9,0.8,1119.2
P1007,2,1,1599,7.9,0.8,1279.2
P1008,1,4,399,7.3,0.6,239.39999999999998
P1009,5,1,1399,8.0,0.8,1119.2
P1010,4,1,1699,5.7,0.8,1359.2
P1011,2,5,299,4.1,0.5,149.5
P1012,3,2,1299,8.6,0.75,974.25
P1013,4,5,399,10.0,0.5,199.5
P1014,1,1,1799,9.9,0.8,1439.2
P1015,1,3,699,6.6,0.7,489.29999999999995
P1016,1,4,699,2.9,0.6,419.4
P1017,3,3,899,4.6,0.7,629.3
P1018,4,4,499,5.6,0.6,299.4
P1019,4,4,599,8.4,0.6,359.4
P1020,4,3,599,8.0,0.7,419.29999999999995
P1021,5,4,699,1.6,0.6,419.4
P1022,5,1,1899,5.8,0.8,1519.2
P1023,1,3,599,9.9,0.7,419.29999999999995
P1024,2,5,99,7.1,0.5,49.5
P1025,4,5,599,4.4,0.5,299.5
P1026,2,1,1599,4.9,0.8,1279.2
P1027,5,3,899,9.7,0.7,629.3
P1028,3,2,1099,5.9,0.75,824.25
P1029,5,3,799,4.8,0.7,559.3
P1030,3,4,699,7.9,0.6,419.4
P1031,2,3,1099,5.8,0.7,769.3
P1032,1,3,1099,2.5,0.7,769.3
P1033,1,1,1599,5.0,0.8,1279.2
P1034,5,1,1499,7.0,0.8,1199.2
P1035,3,4,599,8.0,0.6,359.4
P1036,3,1,1999,4.6,0.8,1599.2
P1037,1,2,1499,5.7,0.75,1124.25
P1038,1,3,699,7.0,0.7,489.29999999999995
P1039,5,5,299,3.8,0.5,149.5
P1040,4,2,899,5.8,0.75,674.25
P1041,4,5,299,1.8,0.5,149.5
P1042,1,1,1799,9.9,0.8,1439.2
P1043,4,3,999,3.8,0.7,699.3
P1044,2,1,1299,5.7,0.8,1039.2
P1045,2,3,599,1.7000000000000002,0.7,419.29999999999995
P1046,3,1,1499,3.5,0.8,1199.2
P1047,1,4,899,2.5,0.6,539.4
P1048,3,4,999,1.2,0.6,599.4
P1049,1,3,899,8.6,0.7,629.3
P1050,5,3,699,5.5,0.7,489.29999999999995
P1051,2,2,1399,8.5,0.75,1049.25
P1052,2,4,399,3.6,0.6,239.39999999999998
P1053,1,5,699,5.2,0.5,349.5
P1054,5,3,999,8.4,0.7,699.3
P1055,2,4,999,6.6,0.6,599.4
P1056,3,1,1899,6.9,0.8,1519.2
P1057,1,2,1199,9.8,0.75,899.25
P1058,5,3,899,2.3,0.7,629.3
P1059,4,1,1399,2.7,0.8,1119.2
P1060,4,1,1799,2.6,0.8,1439.2
P1061,5,1,1699,9.6,0.8,1359.2
P1062,4,5,399,1.9,0.5,199.5
P1063,5,5,799,7.8,0.5,399.5
P1064,1,4,1099,1.2,0.6,659.4
P1065,4,5,99,4.1,0.5,49.5
P1066,3,4,599,4.4,0.6,359.4
P1067,5,5,499,6.8,0.5,249.5
P1068,2,2,1199,7.8,0.75,899.25
P1069,5,3,799,5.6,0.7,559.3
P1070,1,1,1899,8.9,0.8,1519.2
P1071,1,4,499,8.2,0.6,299.4
P1072,2,2,1499,2.9,0.75,1124.25
P1073,4,4,899,3.4,0.6,539.4
P1074,5,5,199,8.4,0.5,99.5
P1075,4,4,599,9.6,0.6,359.4
P1076,1,3,799,8.8,0.7,559.3
P1077,3,4,799,8.2,0.6,479.4
P1078,1,3,899,5.0,0.7,629.3
P1079,5,4,899,5.2,0.6,539.4
P1080,5,1,1999,2.9,0.8,1599.2
P1081,4,4,499,8.0,0.6,299.4
P1082,3,5,399,9.6,0.5,199.5
P1083,1,1,1499,2.0,0.8,1199.2
P1084,2,5,299,4.1,0.5,149.5
P1085,4,5,699,4.9,0.5,349.5
P1086,3,1,1899,4.0,0.8,1519.2
P1087,3,4,899,3.4,0.6,539.4
P1088,2,5,399,6.1,0.5,199.5
P1089,2,2,1599,8.8,0.75,1199.25
P1090,5,3,699,8.5,0.7,489.29999999999995
P1091,3,5,99,9.5,0.5,49.5
P1092,5,2,1199,3.8,0.75,899.25
P1093,4,5,499,9.5,0.5,249.5
P1094,2,1,1299,6.0,0.8,1039.2
P1095,5,1,1499,6.0,0.8,1199.2
P1096,4,3,599,6.9,0.7,419.29999999999995
P1097,1,1,1899,8.0,0.8,1519.2
P1098,5,3,999,3.6,0.7,699.3
P1099,3,1,1599,5.9,0.8,1279.2
P1100,1,2,999,7.8,0.75,749.25
P1101,2,4,499,5.8,0.6,299.4
P1102,3,2,1499,3.7,0.75,1124.25
P1103,3,3,1199,8.3,0.7,839.3
P1104,5,3,599,7.9,0.7,419.29999999999995
P1105,2,5,599,8.0,0.5,299.5
P1106,5,4,899,3.7,0.6,539.4
P1107,5,2,1499,2.7,0.75,1124.25
P1108,2,2,1599,7.4,0.75,1199.25
P1109,2,4,699,5.0,0.6,419.4
P1110,3,2,1299,10.0,0.75,974.25
P1111,3,1,1899,4.9,0.8,1519.2
P1112,4,5,799,8.3,0.5,399.5
P1113,4,5,99,5.3,0.5,49.5
P1114,4,5,699,4.0,0.5,349.5
P1115,4,3,699,7.5,0.7,489.29999999999995
P1116,1,5,399,5.0,0.5,199.5
P1117,2,4,399,3.6,0.6,239.39999999999998
P1118,1,2,1099,7.5,0.75,824.25
P1119,2,5,799,5.7,0.5,399.5
P1120,2,2,1099,1.4,0.75,824.25
P1121,3,4,599,4.8,0.6,359.4
P1122,4,5,599,8.5,0.5,299.5
P1123,4,5,599,7.4,0.5,299.5
P1124,1,1,1899,1.7000000000000002,0.8,1519.2
P1125,5,2,899,2.0,0.75,674.25
P1126,3,1,1399,10.0,0.8,1119.2
P1127,2,1,1299,5.6,0.8,1039.2
P1128,2,5,299,8.4,0.5,149.5
P1129,5,3,1199,2.7,0.7,839.3
P1130,3,2,1099,7.7,0.75,824.25
P1131,3,2,899,7.9,0.75,674.25
P1132,3,5,299,4.8,0.5,149.5
P1133,4,2,1399,7.0,0.75,1049.25
P1134,2,4,399,4.6,0.6,239.39999999999998
P1135,1,5,399,6.9,0.5,199.5
P1136,3,4,799,8.4,0.6,479.4
P1137,3,2,899,6.9,0.75,674.25
P1138,1,4,899,1.9,0.6,539.4
P1139,3,3,799,2.9,0.7,559.3
P1140,3,3,599,7.8,0.7,419.29999999999995
P1141,1,1,1399,4.7,0.8,1119.2
P1142,3,5,799,4.8,0.5,399.5
P1143,5,2,1099,9.0,0.75,824.25
P1144,2,5,599,4.9,0.5,299.5
P1145,3,3,1199,3.8,0.7,839.3
P1146,3,4,399,1.9,0.6,239.39999999999998
P1147,2,4,499,5.7,0.6,299.4
P1148,4,2,999,2.9,0.75,749.25
P1149,4,3,1299,1.6,0.7,909.3
P1150,4,3,799,3.0,0.7,559.3
P1151,3,4,699,5.7,0.6,419.4
P1152,1,2,999,5.6,0.75,749.25
P1153,1,3,799,3.0,0.7,559.3
P1154,2,1,1599,3.6,0.8,1279.2
P1155,5,1,1999,3.5,0.8,1599.2
P1156,5,5,699,5.5,0.5,349.5
P1157,5,4,499,8.2,0.6,299.4
P1158,3,1,1499,1.9,0.8,1199.2
P1159,1,4,999,1.9,0.6,599.4
P1160,1,5,699,4.1,0.5,349.5
P1161,3,5,199,1.2,0.5,99.5
P1162,2,5,299,9.7,0.5,149.5
P1163,5,3,1099,1.7000000000000002,0.7,769.3
P1164,4,4,499,7.5,0.6,299.4
P1165,3,3,699,6.5,0.7,489.29999999999995
P1166,2,1,1899,2.6,0.8,1519.2
P1167,1,3,1099,7.5,0.7,769.3
P1168,2,1,1399,9.9,0.8,1119.2
P1169,1,5,399,5.1,0.5,199.5
P1170,5,5,399,5.8,0.5,199.5
P1171,2,1,1599,3.0,0.8,1279.2
P1172,5,3,1099,1.3,0.7,769.3
P1173,2,3,699,7.7,0.7,489.29999999999995
P1174,3,5,499,2.5,0.5,249.5
P1175,5,2,1199,1.5,0.75,899.25
P1176,5,3,1299,8.5,0.7,909.3
P1177,3,4,599,9.0,0.6,359.4
P1178,5,4,999,7.0,0.6,599.4
P1179,2,4,599,7.6,0.6,359.4
P1180,2,4,699,9.8,0.6,419.4
P1181,5,4,799,5.6,0.6,479.4
P1182,4,3,699,5.8,0.7,489.29999999999995
P1183,4,3,1299,4.5,0.7,909.3
P1184,2,2,1299,1.5,0.75,974.25
P1185,2,4,699,6.3,0.6,419.4
P1186,3,4,999,2.2,0.6,599.4
P1187,4,1,1999,2.6,0.8,1599.2
P1188,2,3,799,7.4,0.7,559.3
P1189,3,5,299,5.5,0.5,149.5
P1190,4,3,1099,2.9,0.7,769.3
P1191,5,5,399,9.2,0.5,199.5
P1192,5,2,1599,2.8,0.75,1199.25
P1193,5,4,999,5.7,0.6,599.4
P1194,3,2,1399,8.6,0.75,1049.25
P1195,5,3,699,1.8,0.7,489.29999999999995
P1196,2,2,1299,5.9,0.75,974.25
P1197,1,1,1299,8.5,0.8,1039.2
P1198,2,5,799,1.6,0.5,399.5
P1199,5,4,999,3.0,0.6,599.4
P1200,5,4,499,6.7,0.6,299.4
P1201,4,3,699,4.6,0.7,489.29999999999995
P1202,4,3,699,2.8,0.7,489.29999999999995
P1203,2,2,999,2.5,0.75,749.25
P1204,1,5,99,5.8,0.5,49.5
P1205,5,3,599,2.4,0.7,419.29999999999995
P1206,3,1,1899,7.5,0.8,1519.2
P1207,2,5,499,1.2,0.5,249.5
P1208,5,1,1599,5.9,0.8,1279.2
P1209,1,5,499,9.2,0.5,249.5
P1210,3,5,799,9.6,0.5,399.5
P1211,2,1,1399,3.8,0.8,1119.2
P1212,1,4,699,5.7,0.6,419.4
P1213,3,4,1099,6.9,0.6,659.4
P1214,1,2,1199,6.7,0.75,899.25
P1215,4,2,1399,3.4,0.75,1049.25
P1216,2,5,799,8.3,0.5,399.5
P1217,2,1,1599,5.7,0.8,1279.2
P1218,4,4,699,9.6,0.6,419.4
P1219,2,1,1799,7.8,0.8,1439.2
P1220,2,3,1299,8.5,0.7,909.3
P1221,5,1,1899,5.8,0.8,1519.2
P1222,5,2,1299,2.5,0.75,974.25
P1223,3,5,599,7.8,0.5,299.5
P1224,1,4,799,5.2,0.6,479.4
P1225,2,2,1199,8.4,0.75,899.25
P1226,5,2,1299,5.9,0.75,974.25
P1227,5,2,1499,7.9,0.75,1124.25
P1228,3,1,1699,8.8,0.8,1359.2
P1229,3,2,899,4.5,0.75,674.25
P1230,4,3,799,6.4,0.7,559.3
P1231,5,4,799,6.5,0.6,479.4
P1232,5,1,1599,7.5,0.8,1279.2
P1233,2,3,999,10.0,0.7,699.3
P1234,4,5,599,9.5,0.5,299.5
P1235,2,3,1099,4.4,0.7,769.3
P1236,5,2,899,7.7,0.75,674.25
P1237,2,3,1299,3.8,0.7,909.3
P1238,5,3,1299,9.4,0.7,909.3
P1239,2,5,499,7.5,0.5,249.5
P1240,5,1,1499,3.9,0.8,1199.2
P1241,4,5,199,1.2,0.5,99.5
P1242,1,1,1299,7.7,0.8,1039.2
P1243,3,4,899,2.3,0.6,539.4
P1244,1,3,999,6.4,0.7,699.3
P1245,2,1,1999,3.8,0.8,1599.2
P1246,1,2,1499,5.8,0.75,1124.25
P1247,3,2,899,9.4,0.75,674.25
P1248,3,3,1199,9.9,0.7,839.3
P1249,2,4,1099,6.2,0.6,659.4
P1250,3,1,1599,7.6,0.8,1279.2
P1251,4,1,1999,1.7000000000000002,0.8,1599.2
P1252,5,2,899,6.0,0.75,674.25
P1253,3,2,1499,4.8,0.75,1124.25
P1254,2,1,1299,8.5,0.8,1039.2
P1255,5,2,1499,3.8,0.75,1124.25
P1256,3,3,999,3.4,0.7,699.3
P1257,3,5,599,6.0,0.5,299.5
P1258,3,4,799,7.5,0.6,479.4
P1259,4,5,299,4.6,0.5,149.5
P1260,3,3,799,9.5,0.7,559.3
P1261,2,3,1299,3.4,0.7,909.3
P1262,3,2,1299,3.8,0.75,974.25
P1263,3,5,499,2.1,0.5,249.5
P1264,5,5,399,9.3,0.5,199.5
P1265,4,5,799,6.3,0.5,399.5
P1266,2,5,499,2.8,0.5,249.5
P1267,4,5,99,9.5,0.5,49.5
P1268,1,2,1399,4.6,0.75,1049.25
P1269,3,2,1099,6.0,0.75,824.25
P1270,2,1,1799,9.6,0.8,1439.2
P1271,3,4,599,9.4,0.6,359.4
P1272,1,5,99,8.9,0.5,49.5
P1273,3,3,599,3.9,0.7,419.29999999999995
P1274,4,3,1199,3.3,0.7,839.3
P1275,3,4,999,1.8,0.6,599.4
P1276,4,5,199,1.5,0.5,99.5
P1277,4,2,1099,5.9,0.75,824.25
P1278,1,2,999,8.8,0.75,749.25
P1279,2,3,899,8.0,0.7,629.3
P1280,4,3,599,5.6,0.7,419.29999999999995
P1281,1,4,899,2.7,0.6,539.4
P1282,2,5,499,5.3,0.5,249.5
P1283,5,4,899,1.5,0.6,539.4
P1284,2,4,599,3.5,0.6,359.4
P1285,2,3,599,1.6,0.7,419.29999999999995
P1286,3,3,1299,4.0,0.7,909.3
P1287,5,2,1399,10.0,0.75,1049.25
P1288,3,2,1499,2.6,0.75,1124.25
P1289,4,3,1299,3.3,0.7,909.3
P1290,2,4,899,9.9,0.6,539.4
P1291,2,5,299,7.3,0.5,149.5
P1292,3,3,799,4.6,0.7,559.3
P1293,1,3,999,6.7,0.7,699.3
P1294,3,4,999,1.5,0.6,599.4
P1295,1,3,1299,5.7,0.7,909.3
P1296,4,4,899,4.3,0.6,539.4
P1297,5,4,1099,7.2,0.6,659.4
P1298,1,4,699,3.5,0.6,419.4
P1299,2,1,1899,3.6,0.8,1519.2
P1300,1,1,1699,2.7,0.8,1359.2
P1301,2,5,299,4.3,0.5,149.5
P1302,4,5,799,7.7,0.5,399.5
P1303,3,5,399,6.1,0.5,199.5
P1304,3,2,1399,9.5,0.75,1049.25
P1305,1,3,799,6.4,0.7,559.3
P1306,4,1,1999,4.7,0.8,1599.2
P1307,1,1,1399,6.8,0.8,1119.2
P1308,5,2,999,7.0,0.75,749.25
P1309,2,3,1099,3.9,0.7,769.3
P1310,2,3,1299,2.6,0.7,909.3
P1311,1,2,1099,5.0,0.75,824.25
P1312,1,5,599,6.8,0.5,299.5
P1313,5,2,1099,8.7,0.75,824.25
P1314,4,3,1199,5.3,0.7,839.3
P1315,5,1,1699,8.0,0.8,1359.2
P1316,3,4,399,8.2,0.6,239.39999999999998
P1317,4,3,899,8.4,0.7,629.3
P1318,2,3,999,8.8,0.7,699.3
P1319,3,4,499,1.7000000000000002,0.6,299.4
P1320,3,2,999,2.4,0.75,749.25
P1321,2,5,599,7.3,0.5,299.5
P1322,3,1,1799,7.9,0.8,1439.2
P1323,3,3,599,5.4,0.7,419.29999999999995
P1324,4,4,599,7.4,0.6,359.4
P1325,2,3,899,5.8,0.7,629.3
P1326,2,1,1499,4.8,0.8,1199.2
P1327,2,1,1699,8.7,0.8,1359.2
P1328,4,4,699,6.8,0.6,419.4
P1329,2,2,899,6.5,0.75,674.25
P1330,2,2,1099,4.5,0.75,824.25
P1331,1,5,699,6.3,0.5,349.5
P1332,1,3,699,5.5,0.7,489.29999999999995
P1333,5,2,1199,2.9,0.75,899.25
P1334,1,4,899,9.5,0.6,539.4
P1335,2,4,399,3.8,0.6,239.39999999999998
P1336,1,1,1499,5.6,0.8,1199.2
P1337,1,5,199,7.1,0.5,99.5
P1338,2,4,799,2.0,0.6,479.4
P1339,3,1,1899,2.0,0.8,1519.2
P1340,4,4,899,4.6,0.6,539.4
P1341,5,5,299,5.7,0.5,149.5
P1342,3,3,799,4.6,0.7,559.3
P1343,5,1,1499,5.8,0.8,1199.2
P1344,2,3,1199,4.4,0.7,839.3
P1345,3,3,799,6.7,0.7,559.3
P1346,3,5,599,4.3,0.5,299.5
P1347,2,3,799,7.5,0.7,559.3
P1348,2,5,499,1.6,0.5,249.5
P1349,3,5,399,3.8,0.5,199.5
P1350,5,5,599,8.7,0.5,299.5
P1351,2,4,599,5.4,0.6,359.4
P1352,3,5,399,2.0,0.5,199.5
P1353,3,2,899,3.8,0.75,674.25
P1354,2,4,1099,2.9,0.6,659.4
P1355,3,2,1499,4.8,0.75,1124.25
P1356,2,2,1099,4.7,0.75,824.25
P1357,2,4,1099,5.4,0.6,659.4
P1358,2,4,399,5.6,0.6,239.39999999999998
P1359,3,4,1099,2.3,0.6,659.4
P1360,3,4,599,5.9,0.6,359.4
P1361,2,1,1499,6.5,0.8,1199.2
P1362,2,4,1099,7.3,0.6,659.4
P1363,5,5,99,8.8,0.5,49.5
P1364,4,4,399,10.0,0.6,239.39999999999998
P1365,3,3,1299,8.0,0.7,909.3
P1366,5,4,899,3.8,0.6,539.4
P1367,2,1,1499,3.9,0.8,1199.2
P1368,2,1,1999,2.5,0.8,1599.2
P1369,3,2,1199,2.7,0.75,899.25
P1370,1,2,1299,5.4,0.75,974.25
P1371,1,4,599,5.0,0.6,359.4
P1372,4,1,1699,6.6,0.8,1359.2
P1373,3,5,699,4.7,0.5,349.5
P1374,2,3,1099,10.0,0.7,769.3
P1375,1,2,1199,6.0,0.75,899.25
P1376,1,1,1599,8.7,0.8,1279.2
P1377,3,5,299,5.3,0.5,149.5
P1378,1,3,899,4.4,0.7,629.3
P1379,2,1,1499,3.6,0.8,1199.2
P1380,1,5,599,1.4,0.5,299.5
P1381,4,1,1699,3.9,0.8,1359.2
P1382,4,3,899,4.3,0.7,629.3
P1383,4,4,1099,8.5,0.6,659.4
P1384,3,5,799,2.6,0.5,399.5
P1385,2,4,699,6.5,0.6,419.4
P1386,2,2,1599,3.6,0.75,1199.25
P1387,4,3,799,1.7000000000000002,0.7,559.3
P1388,3,5,199,1.7000000000000002,0.5,99.5
P1389,4,4,399,4.6,0.6,239.39999999999998
P1390,3,2,1399,3.7,0.75,1049.25
P1391,1,5,599,5.8,0.5,299.5
P1392,5,1,1599,9.0,0.8,1279.2
P1393,2,2,1299,7.5,0.75,974.25
P1394,3,5,99,4.3,0.5,49.5
P1395,2,3,1299,9.3,0.7,909.3
P1396,5,5,299,8.7,0.5,149.5
P1397,1,2,1599,5.5,0.75,1199.25
P1398,1,4,999,3.3,0.6,599.4
P1399,5,1,1399,8.9,0.8,1119.2
P1400,1,2,1099,3.6,0.75,824.25
P1401,1,3,599,3.7,0.7,419.29999999999995
P1402,2,5,499,9.1,0.5,249.5
P1403,4,4,599,4.4,0.6,359.4
P1404,1,3,699,8.8,0.7,489.29999999999995
P1405,1,3,599,4.3,0.7,419.29999999999995
P1406,2,1,1999,9.8,0.8,1599.2
P1407,4,4,399,7.9,0.6,239.39999999999998
P1408,4,4,599,4.4,0.6,359.4
P1409,4,4,699,3.6,0.6,419.4
P1410,4,3,1199,3.6,0.7,839.3
P1411,2,5,199,1.6,0.5,99.5
P1412,3,4,999,2.7,0.6,599.4
P1413,4,5,399,2.1,0.5,199.5
P1414,3,2,1099,4.5,0.75,824.25
P1415,5,1,1799,7.5,0.8,1439.2
P1416,4,5,499,4.2,0.5,249.5
P1417,1,2,1599,5.9,0.75,1199.25
P1418,5,2,999,8.7,0.75,749.25
P1419,1,5,199,1.2,0.5,99.5
P1420,4,4,699,8.7,0.6,419.4
P1421,2,5,799,4.3,0.5,399.5
P1422,3,3,799,9.5,0.7,559.3
P1423,1,1,1699,6.7,0.8,1359.2
P1424,1,5,799,9.2,0.5,399.5
P1425,1,5,199,7.9,0.5,99.5
P1426,2,3,1199,8.5,0.7,839.3
P1427,5,1,1999,9.8,0.8,1599.2
P1428,3,5,99,3.8,0.5,49.5
P1429,1,3,1299,7.4,0.7,909.3
P1430,1,5,399,4.0,0.5,199.5
P1431,4,3,699,10.0,0.7,489.29999999999995
P1432,1,3,1299,3.9,0.7,909.3
P1433,3,5,299,6.8,0.5,149.5
P1434,2,4,399,8.9,0.6,239.39999999999998
P1435,1,3,899,8.3,0.7,629.3
P1436,2,3,699,8.8,0.7,489.29999999999995
P1437,2,5,399,9.8,0.5,199.5
P1438,3,2,1099,7.0,0.75,824.25
P1439,2,3,1199,5.7,0.7,839.3
P1440,1,4,599,4.0,0.6,359.4
P1441,2,3,1099,9.9,0.7,769.3
P1442,2,2,1199,8.9,0.75,899.25
P1443,4,5,599,8.9,0.5,299.5
P1444,4,5,99,6.9,0.5,49.5
P1445,1,2,1199,2.4,0.75,899.25
P1446,5,3,699,9.9,0.7,489.29999999999995
P1447,5,3,799,6.4,0.7,559.3
P1448,1,1,1499,1.7000000000000002,0.8,1199.2
P1449,4,2,1299,1.5,0.75,974.25
P1450,3,1,1399,2.0,0.8,1119.2
P1451,5,2,1299,3.0,0.75,974.25
P1452,5,1,1299,4.7,0.8,1039.2
P1453,3,5,199,6.7,0.5,99.5
P1454,3,2,1099,3.9,0.75,824.25
P1455,4,3,799,3.9,0.7,559.3
P1456,2,1,1499,8.8,0.8,1199.2
P1457,5,4,599,6.9,0.6,359.4
P1458,3,2,1499,3.0,0.75,1124.25
P1459,5,4,799,4.9,0.6,479.4
P1460,3,1,1499,1.9,0.8,1199.2
P1461,1,1,1399,6.5,0.8,1119.2
P1462,3,2,1499,1.6,0.75,1124.25
P1463,3,2,1299,2.7,0.75,974.25
P1464,5,5,399,7.6,0.5,199.5
P1465,5,3,1199,1.8,0.7,839.3
P1466,2,1,1999,3.9,0.8,1599.2
P1467,1,2,1299,1.5,0.75,974.25
P1468,4,4,699,4.5,0.6,419.4
P1469,3,2,1599,4.5,0.75,1199.25
P1470,1,3,899,4.8,0.7,629.3
P1471,3,1,1899,9.0,0.8,1519.2
P1472,2,4,799,4.2,0.6,479.4
P1473,5,3,1099,3.8,0.7,769.3
P1474,4,1,1299,3.8,0.8,1039.2
P1475,1,4,899,6.4,0.6,539.4
P1476,4,2,1399,6.9,0.75,1049.25
P1477,4,3,799,5.3,0.7,559.3
P1478,3,3,1199,6.4,0.7,839.3
P1479,5,2,1499,2.5,0.75,1124.25
P1480,3,1,1599,8.5,0.8,1279.2
P1481,4,3,799,5.8,0.7,559.3
P1482,3,5,599,6.8,0.5,299.5
P1483,3,1,1499,3.6,0.8,1199.2
P1484,4,5,299,6.4,0.5,149.5
P1485,4,1,1899,9.8,0.8,1519.2
P1486,2,5,599,8.7,0.5,299.5
P1487,3,3,1099,9.7,0.7,769.3
P1488,3,5,499,6.2,0.5,249.5
P1489,5,1,1899,9.7,0.8,1519.2
P1490,1,3,699,8.6,0.7,489.29999999999995
P1491,1,1,1699,9.7,0.8,1359.2
P1492,2,3,1299,5.4,0.7,909.3
P1493,4,3,1299,2.7,0.7,909.3
P1494,2,2,1399,2.4,0.75,1049.25
P1495,3,3,599,1.8,0.7,419.29999999999995
P1496,2,4,999,7.2,0.6,599.4
P1497,2,1,1399,2.8,0.8,1119.2
P1498,5,2,1299,9.5,0.75,974.25
P1499,5,4,999,6.4,0.6,599.4
P1500,4,5,799,7.2,0.5,399.5
P1501,3,2,1599,5.7,0.75,1199.25
P1502,3,2,999,9.5,0.75,749.25
P1503,1,2,1499,5.0,0.75,1124.25
P1504,3,2,1299,8.6,0.75,974.25
P1505,2,2,999,5.0,0.75,749.25
P1506,2,4,799,2.5,0.6,479.4
P1507,3,5,699,3.1,0.5,349.5
P1508,4,3,999,2.0,0.7,699.3
P1509,4,3,799,1.7000000000000002,0.7,559.3
P1510,2,5,199,8.5,0.5,99.5
P1511,4,4,1099,1.2,0.6,659.4
P1512,2,5,699,3.9,0.5,349.5
P1513,4,4,1099,2.6,0.6,659.4
P1514,3,1,1399,2.9,0.8,1119.2
P1515,2,2,999,8.7,0.75,749.25
P1516,4,2,1299,4.9,0.75,974.25
P1517,4,1,1999,7.9,0.8,1599.2
P1518,4,5,399,4.8,0.5,199.5
P1519,3,4,999,4.6,0.6,599.4
P1520,3,4,1099,7.8,0.6,659.4
P1521,1,5,199,5.7,0.5,99.5
P1522,2,4,699,1.9,0.6,419.4
P1523,5,1,1999,8.0,0.8,1599.2
P1524,1,5,699,6.2,0.5,349.5
P1525,1,5,799,4.4,0.5,399.5
P1526,3,3,799,5.0,0.7,559.3
P1527,5,4,899,4.9,0.6,539.4
P1528,1,5,199,7.3,0.5,99.5
P1529,4,3,599,2.3,0.7,419.29999999999995
P1530,3,2,1399,6.4,0.75,1049.25
P1531,5,1,1299,3.0,0.8,1039.2
P1532,4,2,1299,5.6,0.75,974.25
P1533,4,1,1299,8.7,0.8,1039.2
P1534,3,5,399,9.6,0.5,199.5
P1535,4,4,699,7.0,0.6,419.4
P1536,5,5,299,9.0,0.5,149.5
P1537,5,2,1499,3.4,0.75,1124.25
P1538,2,1,1699,8.0,0.8,1359.2
P1539,5,2,1099,7.6,0.75,824.25
P1540,4,5,399,6.3,0.5,199.5
P1541,3,3,599,9.3,0.7,419.29999999999995
P1542,5,3,1199,3.9,0.7,839.3
P1543,1,3,1299,4.5,0.7,909.3
P1544,5,1,1699,5.5,0.8,1359.2
P1545,4,2,899,7.8,0.75,674.25
P1546,5,4,399,3.9,0.6,239.39999999999998
P1547,2,4,1099,6.4,0.6,659.4
P1548,2,1,1399,9.8,0.8,1119.2
P1549,4,4,699,5.8,0.6,419.4
P1550,1,4,1099,6.3,0.6,659.4
P1551,2,1,1999,2.6,0.8,1599.2
P1552,1,2,1099,9.8,0.75,824.25
P1553,3,2,1199,3.8,0.75,899.25
P1554,2,4,499,2.8,0.6,299.4
P1555,2,5,699,2.0,0.5,349.5
P1556,1,4,699,1.7000000000000002,0.6,419.4
P1557,3,4,899,2.3,0.6,539.4
P1558,5,1,1499,7.7,0.8,1199.2
P1559,1,5,699,9.1,0.5,349.5
P1560,2,5,699,8.0,0.5,349.5
P1561,4,1,1899,6.0,0.8,1519.2
P1562,4,4,899,2.4,0.6,539.4
P1563,1,1,1299,10.0,0.8,1039.2
P1564,5,1,1499,9.9,0.8,1199.2
P1565,4,3,599,1.3,0.7,419.29999999999995
P1566,1,4,699,8.2,0.6,419.4
P1567,2,5,699,5.2,0.5,349.5
P1568,4,5,399,2.9,0.5,199.5
P1569,2,2,1299,9.5,0.75,974.25
P1570,1,2,999,8.8,0.75,749.25
P1571,2,1,1799,4.9,0.8,1439.2
P1572,1,5,399,7.0,0.5,199.5
P1573,4,5,399,4.6,0.5,199.5
P1574,2,3,1199,2.6,0.7,839.3
P1575,2,5,599,2.9,0.5,299.5
P1576,5,3,999,4.0,0.7,699.3
P1577,5,5,99,10.0,0.5,49.5
P1578,2,2,899,3.7,0.75,674.25
P1579,5,1,1399,7.0,0.8,1119.2
P1580,4,1,1899,8.0,0.8,1519.2
P1581,4,4,599,2.8,0.6,359.4
P1582,5,5,499,7.0,0.5,249.5
P1583,2,3,1099,7.7,0.7,769.3
P1584,4,4,599,5.4,0.6,359.4
P1585,4,5,499,8.7,0.5,249.5
P1586,4,3,1199,4.9,0.7,839.3
P1587,5,4,899,3.8,0.6,539.4
P1588,1,2,1199,7.8,0.75,899.25
P1589,2,2,1299,5.6,0.75,974.25
P1590,4,1,1999,5.5,0.8,1599.2
P1591,1,3,1099,5.0,0.7,769.3
P1592,4,4,499,6.6,0.6,299.4
P1593,3,1,1499,10.0,0.8,1199.2
P1594,4,4,899,5.6,0.6,539.4
P1595,4,4,1099,7.5,0.6,659.4
P1596,3,4,499,8.8,0.6,299.4
P1597,2,4,799,5.3,0.6,479.4
P1598,5,1,1299,3.0,0.8,1039.2
P1599,1,3,1099,7.0,0.7,769.3
P1600,3,2,999,9.7,0.75,749.25
P1601,2,4,799,1.6,0.6,479.4
P1602,4,3,1099,8.7,0.7,769.3
P1603,5,3,999,1.9,0.7,699.3
P1604,5,3,1199,8.5,0.7,839.3
P1605,3,3,899,8.3,0.7,629.3
P1606,4,4,1099,9.2,0.6,659.4
P1607,1,3,1099,8.9,0.7,769.3
P1608,1,5,299,9.0,0.5,149.5
P1609,4,5,299,8.5,0.5,149.5
P1610,4,5,799,8.9,0.5,399.5
P1611,4,1,1599,4.5,0.8,1279.2
P1612,5,5,199,1.8,0.5,99.5
P1613,3,1,1599,1.9,0.8,1279.2
P1614,5,1,1999,6.5,0.8,1599.2
P1615,5,4,599,1.9,0.6,359.4
P1616,3,4,699,8.3,0.6,419.4
P1617,2,3,699,1.9,0.7,489.29999999999995
P1618,1,4,799,7.6,0.6,479.4
P1619,4,5,399,7.3,0.5,199.5
P1620,4,5,399,9.9,0.5,199.5
P1621,4,1,1299,3.5,0.8,1039.2
P1622,3,2,999,5.8,0.75,749.25
P1623,4,2,1199,4.6,0.75,899.25
P1624,1,5,599,4.1,0.5,299.5
P1625,1,2,1499,2.4,0.75,1124.25
P1626,4,4,499,9.6,0.6,299.4
P1627,5,2,1199,9.5,0.75,899.25
P1628,5,5,599,9.2,0.5,299.5
P1629,3,4,899,4.3,0.6,539.4
P1630,4,5,399,2.4,0.5,199.5
P1631,1,3,599,8.5,0.7,419.29999999999995
P1632,1,5,299,3.1,0.5,149.5
P1633,2,5,799,9.7,0.5,399.5
P1634,4,4,699,4.2,0.6,419.4
P1635,5,5,99,3.0,0.5,49.5
P1636,4,3,1299,3.6,0.7,909.3
P1637,2,1,1699,5.0,0.8,1359.2
P1638,2,1,1899,1.5,0.8,1519.2
P1639,4,1,1799,6.6,0.8,1439.2
P1640,2,1,1799,9.5,0.8,1439.2
P1641,2,3,799,7.9,0.7,559.3
P1642,2,3,899,5.5,0.7,629.3
P1643,4,2,1299,1.8,0.75,974.25
P1644,5,2,1399,8.9,0.75,1049.25
P1645,3,3,899,9.5,0.7,629.3
P1646,1,2,1499,8.4,0.75,1124.25
P1647,1,1,1999,1.8,0.8,1599.2
P1648,3,3,1099,8.0,0.7,769.3
P1649,4,2,999,2.8,0.75,749.25
P1650,1,3,1199,9.8,0.7,839.3
P1651,1,5,199,5.5,0.5,99.5
P1652,3,3,599,7.4,0.7,419.29999999999995
P1653,5,3,799,9.5,0.7,559.3
P1654,3,2,1399,1.6,0.75,1049.25
P1655,4,4,899,2.4,0.6,539.4
P1656,1,5,299,4.2,0.5,149.5
P1657,2,5,399,8.2,0.5,199.5
P1658,5,4,899,4.5,0.6,539.4
P1659,2,3,1299,3.5,0.7,909.3
P1660,4,2,899,3.9,0.75,674.25
P1661,1,5,199,5.6,0.5,99.5
P1662,1,1,1599,8.0,0.8,1279.2
P1663,5,2,999,5.0,0.75,749.25
P1664,3,4,999,6.5,0.6,599.4
P1665,1,1,1299,8.6,0.8,1039.2
P1666,3,4,399,5.8,0.6,239.39999999999998
P1667,1,3,999,2.3,0.7,699.3
P1668,1,5,499,2.5,0.5,249.5
P1669,2,1,1999,3.9,0.8,1599.2
P1670,2,3,999,1.8,0.7,699.3
P1671,3,4,599,2.3,0.6,359.4
P1672,1,5,299,4.0,0.5,149.5
P1673,5,3,1199,9.4,0.7,839.3
P1674,1,1,1399,6.5,0.8,1119.2
P1675,2,3,899,9.5,0.7,629.3
P1676,2,4,999,4.2,0.6,599.4
P1677,3,4,999,3.8,0.6,599.4
P1678,4,5,299,7.5,0.5,149.5
P1679,2,2,1399,8.7,0.75,1049.25
P1680,3,4,599,9.9,0.6,359.4
P1681,4,5,399,6.7,0.5,199.5
P1682,2,2,1099,4.5,0.75,824.25
P1683,2,1,1299,6.0,0.8,1039.2
P1684,5,3,1199,2.0,0.7,839.3
P1685,4,5,699,5.8,0.5,349.5
P1686,2,3,1299,7.9,0.7,909.3
P1687,5,3,899,7.8,0.7,629.3
P1688,1,4,699,3.5,0.6,419.4
P1689,4,1,1999,3.7,0.8,1599.2
P1690,2,4,499,8.8,0.6,299.4
P1691,1,2,1399,9.9,0.75,1049.25
P1692,1,5,699,8.6,0.5,349.5
P1693,4,4,999,1.3,0.6,599.4
P1694,2,3,899,8.9,0.7,629.3
P1695,4,1,1999,4.0,0.8,1599.2
P1696,3,2,1299,5.4,0.75,974.25
P1697,3,1,1799,9.6,0.8,1439.2
P1698,4,3,599,4.5,0.7,419.29999999999995
P1699,5,1,1799,1.7000000000000002,0.8,1439.2
P1700,5,1,1899,8.5,0.8,1519.2
P1701,3,5,599,5.8,0.5,299.5
P1702,1,2,899,2.0,0.75,674.25
P1703,4,5,799,3.1,0.5,399.5
P1704,4,5,199,4.7,0.5,99.5
P1705,4,2,1499,5.9,0.75,1124.25
P1706,1,3,599,10.0,0.7,419.29999999999995
P1707,1,1,1699,4.6,0.8,1359.2
P1708,2,1,1699,3.8,0.8,1359.2
P1709,5,4,699,4.7,0.6,419.4
P1710,5,3,999,4.3,0.7,699.3
P1711,4,1,1899,1.7000000000000002,0.8,1519.2
P1712,5,4,999,2.6,0.6,599.4
P1713,1,3,999,9.6,0.7,699.3
P1714,1,5,799,1.3,0.5,399.5
P1715,3,4,1099,9.8,0.6,659.4
P1716,5,1,1299,3.9,0.8,1039.2
P1717,4,5,599,3.5,0.5,299.5
P1718,2,3,1299,6.0,0.7,909.3
P1719,5,5,799,5.4,0.5,399.5
P1720,3,3,1099,9.5,0.7,769.3
P1721,4,4,899,2.4,0.6,539.4
P1722,2,4,999,2.9,0.6,599.4
P1723,5,4,999,3.0,0.6,599.4
P1724,1,1,1599,2.9,0.8,1279.2
P1725,5,1,1599,9.0,0.8,1279.2
P1726,3,5,599,8.8,0.5,299.5
P1727,1,2,999,8.9,0.75,749.25
P1728,3,2,1499,1.7000000000000002,0.75,1124.25
P1729,2,3,899,9.0,0.7,629.3
P1730,3,3,899,9.7,0.7,629.3
P1731,4,2,1599,6.7,0.75,1199.25
P1732,1,5,799,3.4,0.5,399.5
P1733,2,1,1699,4.5,0.8,1359.2
P1734,3,2,1599,6.7,0.75,1199.25
P1735,4,4,399,4.3,0.6,239.39999999999998
P1736,2,3,899,6.5,0.7,629.3
P1737,1,5,399,7.8,0.5,199.5
P1738,4,2,899,9.5,0.75,674.25
P1739,2,1,1399,2.0,0.8,1119.2
P1740,2,1,1499,9.7,0.8,1199.2
P1741,1,2,899,4.5,0.75,674.25
P1742,1,3,599,6.4,0.7,419.29999999999995
P1743,2,1,1599,4.0,0.8,1279.2
P1744,5,2,1099,2.7,0.75,824.25
P1745,2,4,599,4.5,0.6,359.4
P1746,3,1,1899,6.5,0.8,1519.2
P1747,2,2,1499,9.6,0.75,1124.25
P1748,1,3,1299,1.5,0.7,909.3
P1749,5,1,1299,7.8,0.8,1039.2
P1750,1,3,599,3.3,0.7,419.29999999999995
P1751,4,4,699,8.4,0.6,419.4
P1752,4,1,1999,7.5,0.8,1599.2
P1753,2,3,799,6.9,0.7,559.3
P1754,3,1,1699,6.9,0.8,1359.2
P1755,5,5,499,6.2,0.5,249.5
P1756,3,1,1399,1.7000000000000002,0.8,1119.2
P1757,5,3,1099,2.4,0.7,769.3
P1758,4,1,1399,1.6,0.8,1119.2
P1759,2,1,1499,1.8,0.8,1199.2
P1760,5,3,1199,5.9,0.7,839.3
P1761,3,4,799,10.0,0.6,479.4
P1762,5,4,499,9.9,0.6,299.4
P1763,4,3,799,3.6,0.7,559.3
P1764,3,3,599,4.6,0.7,419.29999999999995
P1765,2,5,399,6.1,0.5,199.5
P1766,3,5,499,5.5,0.5,249.5
P1767,5,3,1199,6.7,0.7,839.3
P1768,5,1,1299,8.0,0.8,1039.2
P1769,1,1,1899,1.5,0.8,1519.2
P1770,5,4,599,4.6,0.6,359.4
P1771,4,4,999,7.4,0.6,599.4
P1772,2,2,1499,5.6,0.75,1124.25
P1773,3,4,799,4.2,0.6,479.4
P1774,4,1,1499,1.8,0.8,1199.2
P1775,2,4,799,5.2,0.6,479.4
P1776,5,3,599,4.0,0.7,419.29999999999995
P1777,3,1,1699,8.9,0.8,1359.2
P1778,1,1,1599,8.0,0.8,1279.2
P1779,3,1,1799,1.7000000000000002,0.8,1439.2
P1780,1,3,999,2.0,0.7,699.3
P1781,3,2,899,7.4,0.75,674.25
P1782,3,1,1999,7.8,0.8,1599.2
P1783,1,5,99,3.5,0.5,49.5
P1784,1,3,1099,3.0,0.7,769.3
P1785,3,3,699,3.6,0.7,489.29999999999995
P1786,2,4,999,8.0,0.6,599.4
P1787,4,4,399,1.7000000000000002,0.6,239.39999999999998
P1788,5,1,1499,3.9,0.8,1199.2
P1789,4,1,1899,4.5,0.8,1519.2
P1790,3,1,1599,6.7,0.8,1279.2
P1791,3,5,799,1.5,0.5,399.5
P1792,5,3,1199,9.0,0.7,839.3
P1793,5,3,1299,6.8,0.7,909.3
P1794,4,4,1099,4.7,0.6,659.4
P1795,2,5,599,1.8,0.5,299.5
P1796,1,2,1099,6.7,0.75,824.25
P1797,3,5,799,6.7,0.5,399.5
P1798,5,3,999,5.7,0.7,699.3
P1799,3,4,599,1.9,0.6,359.4
P1800,1,5,99,4.3,0.5,49.5
P1801,5,3,1199,9.0,0.7,839.3
P1802,2,5,99,6.4,0.5,49.5
P1803,1,5,499,5.4,0.5,249.5
P1804,4,5,99,8.6,0.5,49.5
P1805,4,5,599,6.6,0.5,299.5
P1806,1,4,999,2.4,0.6,599.4
P1807,3,5,799,4.7,0.5,399.5
P1808,4,5,499,2.1,0.5,249.5
P1809,5,2,1399,2.0,0.75,1049.25
P1810,3,3,1099,6.4,0.7,769.3
P1811,4,4,899,8.5,0.6,539.4
P1812,2,2,999,2.4,0.75,749.25
P1813,3,4,499,6.7,0.6,299.4
P1814,2,3,899,9.4,0.7,629.3
P1815,1,5,299,1.1,0.5,149.5
P1816,5,2,1199,2.0,0.75,899.25
P1817,2,4,399,9.9,0.6,239.39999999999998
P1818,4,2,1599,5.7,0.75,1199.25
P1819,5,2,1299,4.4,0.75,974.25
P1820,2,3,699,5.8,0.7,489.29999999999995
P1821,2,3,1299,5.0,0.7,909.3
P1822,4,4,499,3.6,0.6,299.4
P1823,5,3,999,4.9,0.7,699.3
P1824,4,4,599,7.0,0.6,359.4
P1825,4,4,799,9.5,0.6,479.4
P1826,4,2,1199,8.9,0.75,899.25
P1827,4,1,1499,5.6,0.8,1199.2
P1828,3,1,1999,2.0,0.8,1599.2
P1829,2,3,899,3.8,0.7,629.3
P1830,4,3,1299,2.3,0.7,909.3
P1831,4,5,399,2.1,0.5,199.5
P1832,4,2,1399,6.7,0.75,1049.25
P1833,5,1,1699,10.0,0.8,1359.2
P1834,5,1,1799,8.0,0.8,1439.2
P1835,3,5,199,8.1,0.5,99.5
P1836,1,2,1399,4.4,0.75,1049.25
P1837,4,3,599,6.0,0.7,419.29999999999995
P1838,4,3,899,7.0,0.7,629.3
P1839,4,4,699,6.5,0.6,419.4
P1840,1,1,1799,2.5,0.8,1439.2
P1841,4,1,1699,3.9,0.8,1359.2
P1842,5,1,1899,7.8,0.8,1519.2
P1843,1,2,1099,7.9,0.75,824.25
P1844,3,1,1999,1.9,0.8,1599.2
P1845,1,3,1199,5.9,0.7,839.3
P1846,2,1,1499,8.0,0.8,1199.2
P1847,3,4,999,5.4,0.6,599.4
P1848,2,2,1299,3.9,0.75,974.25
P1849,1,4,699,5.2,0.6,419.4
P1850,1,5,499,7.8,0.5,249.5
P1851,1,5,799,9.7,0.5,399.5
P1852,2,2,1199,3.4,0.75,899.25
P1853,4,3,799,4.9,0.7,559.3
P1854,4,3,599,6.0,0.7,419.29999999999995
P1855,1,5,799,4.0,0.5,399.5
P1856,3,2,1599,5.8,0.75,1199.25
P1857,4,1,1699,8.5,0.8,1359.2
P1858,4,2,1399,7.8,0.75,1049.25
P1859,5,3,699,5.7,0.7,489.29999999999995
P1860,1,1,1399,4.8,0.8,1119.2
P1861,1,2,1099,4.7,0.75,824.25
P1862,5,1,1799,7.5,0.8,1439.2
P1863,1,2,1599,4.5,0.75,1199.25
P1864,5,5,499,4.7,0.5,249.5
P1865,5,5,699,8.9,0.5,349.5
P1866,2,1,1599,1.8,0.8,1279.2
P1867,3,5,299,6.9,0.5,149.5
P1868,4,2,1599,1.8,0.75,1199.25
P1869,2,4,799,3.2,0.6,479.4
P1870,5,2,1599,5.8,0.75,1199.25
P1871,5,3,1099,6.5,0.7,769.3
P1872,1,2,1499,7.9,0.75,1124.25
P1873,4,3,899,7.5,0.7,629.3
P1874,1,2,1299,6.0,0.75,974.25
P1875,2,3,1199,8.5,0.7,839.3
P1876,4,2,999,9.9,0.75,749.25
P1877,1,4,599,8.9,0.6,359.4
P1878,3,1,1999,5.0,0.8,1599.2
P1879,3,2,1499,2.6,0.75,1124.25
P1880,4,5,699,1.6,0.5,349.5
P1881,5,1,1799,4.8,0.8,1439.2
P1882,3,4,999,3.6,0.6,599.4
P1883,4,3,699,3.5,0.7,489.29999999999995
P1884,2,4,599,7.3,0.6,359.4
P1885,4,5,499,4.4,0.5,249.5
P1886,4,2,1199,8.7,0.75,899.25
P1887,1,2,999,9.5,0.75,749.25
P1888,2,4,1099,4.6,0.6,659.4
P1889,1,1,1499,4.9,0.8,1199.2
P1890,1,5,699,2.2,0.5,349.5
P1891,1,1,1399,3.7,0.8,1119.2
P1892,4,5,599,6.8,0.5,299.5
P1893,1,4,1099,1.4,0.6,659.4
P1894,1,1,1499,9.7,0.8,1199.2
P1895,1,5,699,3.3,0.5,349.5
P1896,2,2,999,5.0,0.75,749.25
P1897,5,5,99,8.0,0.5,49.5
P1898,4,1,1999,7.7,0.8,1599.2
P1899,5,4,899,8.3,0.6,539.4
P1900,2,2,899,2.6,0.75,674.25
P1901,5,2,1599,3.6,0.75,1199.25
P1902,1,4,399,7.8,0.6,239.39999999999998
P1903,2,5,199,6.2,0.5,99.5
P1904,1,2,1499,3.4,0.75,1124.25
P1905,5,5,799,5.4,0.5,399.5
P1906,1,3,1299,2.6,0.7,909.3
P1907,3,3,1199,4.7,0.7,839.3
P1908,1,3,699,7.0,0.7,489.29999999999995
P1909,2,4,599,5.3,0.6,359.4
P1910,5,5,499,8.4,0.5,249.5
P1911,1,2,1099,5.8,0.75,824.25
P1912,3,2,899,7.6,0.75,674.25
P1913,2,3,899,1.7000000000000002,0.7,629.3
P1914,5,4,499,2.5,0.6,299.4
P1915,2,2,1399,4.9,0.75,1049.25
P1916,5,1,1899,2.7,0.8,1519.2
P1917,3,3,899,2.0,0.7,629.3
P1918,2,5,499,8.1,0.5,249.5
P1919,5,5,699,1.6,0.5,349.5
P1920,2,2,899,6.0,0.75,674.25
P1921,1,2,1499,6.4,0.75,1124.25
P1922,5,4,999,1.9,0.6,599.4
P1923,1,3,699,5.4,0.7,489.29999999999995
P1924,3,4,899,1.6,0.6,539.4
P1925,3,3,1299,3.5,0.7,909.3
P1926,1,4,799,7.7,0.6,479.4
P1927,4,1,1699,5.5,0.8,1359.2
P1928,2,5,499,10.0,0.5,249.5
P1929,3,1,1399,5.8,0.8,1119.2
P1930,5,4,799,3.3,0.6,479.4
P1931,3,1,1999,2.0,0.8,1599.2
P1932,1,2,1499,6.5,0.75,1124.25
P1933,2,2,1199,5.4,0.75,899.25
P1934,1,1,1499,4.6,0.8,1199.2
P1935,1,2,899,5.0,0.75,674.25
P1936,4,4,799,6.0,0.6,479.4
P1937,2,3,899,9.8,0.7,629.3
P1938,2,3,1299,6.6,0.7,909.3
P1939,1,2,999,4.5,0.75,749.25
P1940,1,3,1299,9.9,0.7,909.3
P1941,2,5,299,6.0,0.5,149.5
P1942,4,1,1299,4.0,0.8,1039.2
P1943,2,1,1799,2.0,0.8,1439.2
P1944,3,5,699,9.0,0.5,349.5
P1945,3,5,99,9.1,0.5,49.5
P1946,3,5,399,4.2,0.5,199.5
P1947,2,1,1599,3.9,0.8,1279.2
P1948,3,5,599,4.6,0.5,299.5
P1949,1,4,999,4.0,0.6,599.4
P1950,1,2,1299,8.5,0.75,974.25
P1951,1,1,1599,4.6,0.8,1279.2
P1952,2,3,1299,3.7,0.7,909.3
P1953,4,2,1099,6.4,0.75,824.25
P1954,3,1,1999,6.7,0.8,1599.2
P1955,1,2,1599,5.6,0.75,1199.25
P1956,5,2,999,3.4,0.75,749.25
P1957,2,5,599,6.4,0.5,299.5
P1958,3,3,1099,6.0,0.7,769.3
P1959,2,2,1499,7.4,0.75,1124.25
P1960,4,5,99,6.5,0.5,49.5
P1961,4,4,399,6.8,0.6,239.39999999999998
P1962,4,2,1499,1.8,0.75,1124.25
P1963,3,5,599,9.0,0.5,299.5
P1964,1,3,799,6.8,0.7,559.3
P1965,2,1,1699,2.8,0.8,1359.2
P1966,5,5,299,7.5,0.5,149.5
P1967,3,1,1399,4.7,0.8,1119.2
P1968,3,4,399,2.9,0.6,239.39999999999998
P1969,5,4,999,9.9,0.6,599.4
P1970,2,3,1199,8.4,0.7,839.3
P1971,1,1,1599,7.7,0.8,1279.2
P1972,5,5,599,6.5,0.5,299.5
P1973,3,1,1499,3.7,0.8,1199.2
P1974,3,5,599,2.9,0.5,299.5
P1975,1,4,1099,7.0,0.6,659.4
P1976,5,3,899,4.3,0.7,629.3
P1977,5,2,1099,1.9,0.75,824.25
P1978,4,3,699,1.3,0.7,489.29999999999995
P1979,2,5,299,4.9,0.5,149.5
P1980,1,4,699,7.9,0.6,419.4
P1981,1,2,1199,3.4,0.75,899.25
P1982,5,1,1299,9.9,0.8,1039.2
P1983,1,5,299,4.1,0.5,149.5
P1984,2,2,1099,8.6,0.75,824.25
P1985,2,3,799,5.5,0.7,559.3
P1986,5,3,1199,4.6,0.7,839.3
P1987,5,4,899,5.3,0.6,539.4
P1988,3,5,799,2.5,0.5,399.5
P1989,1,4,599,5.3,0.6,359.4
P1990,1,3,699,6.8,0.7,489.29999999999995
P1991,2,1,1799,1.6,0.8,1439.2
P1992,1,5,499,1.8,0.5,249.5
P1993,4,3,599,2.3,0.7,419.29999999999995
P1994,3,4,699,9.5,0.6,419.4
P1995,2,3,1299,6.6,0.7,909.3
P1996,1,1,1999,9.8,0.8,1599.2
P1997,5,5,699,7.5,0.5,349.5
P1998,5,3,899,3.9,0.7,629.3
P1999,5,4,799,5.7,0.6,479.4
P2000,5,2,999,2.5,0.75,749.25
P2001,3,5,799,2.8,0.5,399.5
P2002,2,4,899,7.8,0.6,539.4
P2003,3,3,1299,8.0,0.7,909.3
P2004,5,1,1599,1.8,0.8,1279.2
P2005,4,4,999,5.9,0.6,599.4
P2006,2,3,999,7.0,0.7,699.3
P2007,1,4,599,9.7,0.6,359.4
P2008,3,2,899,2.6,0.75,674.25
P2009,4,2,999,2.6,0.75,749.25
P2010,3,1,1799,2.8,0.8,1439.2
P2011,2,5,799,3.8,0.5,399.5
P2012,1,1,1999,3.9,0.8,1599.2
P2013,3,4,899,9.8,0.6,539.4
P2014,5,3,1299,5.4,0.7,909.3
P2015,2,5,99,1.8,0.5,49.5
P2016,3,4,399,1.3,0.6,239.39999999999998
P2017,2,5,799,4.0,0.5,399.5
P2018,3,1,1399,9.5,0.8,1119.2
P2019,1,1,1699,3.9,0.8,1359.2
P2020,4,1,1699,7.7,0.8,1359.2
P2021,5,5,299,5.8,0.5,149.5
P2022,3,1,1699,6.8,0.8,1359.2
P2023,1,2,1299,6.8,0.75,974.25
P2024,3,4,499,7.3,0.6,299.4
P2025,4,4,999,10.0,0.6,599.4
P2026,4,2,1299,8.8,0.75,974.25
P2027,1,2,1099,6.5,0.75,824.25
P2028,3,5,799,1.3,0.5,399.5
P2029,3,1,1699,9.6,0.8,1359.2
P2030,5,4,699,8.4,0.6,419.4
P2031,4,2,1299,6.7,0.75,974.25
P2032,3,5,499,4.2,0.5,249.5
P2033,2,1,1599,8.5,0.8,1279.2
P2034,4,4,899,8.0,0.6,539.4
P2035,5,4,499,9.2,0.6,299.4
P2036,4,4,499,4.8,0.6,299.4
P2037,4,2,1399,2.0,0.75,1049.25
P2038,3,5,299,6.1,0.5,149.5
P2039,3,2,1099,7.4,0.75,824.25
P2040,2,4,799,6.5,0.6,479.4
P2041,3,5,799,7.7,0.5,399.5
P2042,3,4,499,6.2,0.6,299.4
P2043,1,3,699,1.5,0.7,489.29999999999995
P2044,1,3,899,5.8,0.7,629.3
P2045,3,4,999,6.8,0.6,599.4
P2046,2,3,999,8.3,0.7,699.3
P2047,4,3,799,2.4,0.7,559.3
P2048,4,5,699,2.3,0.5,349.5
P2049,2,3,1299,4.7,0.7,909.3
P2050,1,2,899,5.0,0.75,674.25
P2051,5,5,199,2.2,0.5,99.5
P2052,2,1,1499,8.7,0.8,1199.2
P2053,1,1,1599,4.9,0.8,1279.2
P2054,2,3,1099,7.3,0.7,769.3
P2055,4,1,1999,4.7,0.8,1599.2
P2056,4,1,1299,5.9,0.8,1039.2
P2057,1,4,799,9.9,0.6,479.4
P2058,5,5,799,4.5,0.5,399.5
P2059,1,5,299,5.8,0.5,149.5
P2060,5,5,299,7.1,0.5,149.5
P2061,1,5,399,2.6,0.5,199.5
P2062,4,5,299,3.0,0.5,149.5
P2063,3,2,899,3.7,0.75,674.25
P2064,5,5,99,6.0,0.5,49.5
P2065,2,1,1699,3.0,0.8,1359.2
P2066,5,1,1799,4.6,0.8,1439.2
P2067,3,5,799,6.5,0.5,399.5
P2068,5,1,1599,6.5,0.8,1279.2
P2069,4,4,1099,6.7,0.6,659.4
P2070,1,5,399,6.3,0.5,199.5
P2071,4,5,499,8.0,0.5,249.5
P2072,1,2,899,2.6,0.75,674.25
P2073,4,4,999,9.2,0.6,599.4
P2074,1,1,1399,5.8,0.8,1119.2
P2075,4,1,1699,8.6,0.8,1359.2
P2076,1,4,699,3.9,0.6,419.4
P2077,1,3,1299,1.5,0.7,909.3
P2078,3,3,1099,4.8,0.7,769.3
P2079,1,4,999,2.4,0.6,599.4
P2080,3,3,899,5.8,0.7,629.3
P2081,4,2,899,1.7000000000000002,0.75,674.25
P2082,3,5,399,2.7,0.5,199.5
P2083,4,1,1599,3.5,0.8,1279.2
P2084,4,5,299,8.0,0.5,149.5
P2085,2,4,899,7.4,0.6,539.4
P2086,2,4,599,5.0,0.6,359.4
P2087,3,5,399,4.5,0.5,199.5
P2088,4,4,699,8.6,0.6,419.4
P2089,2,5,99,3.0,0.5,49.5
P2090,2,1,1699,3.0,0.8,1359.2
P2091,3,4,999,7.9,0.6,599.4
P2092,4,2,1499,8.9,0.75,1124.25
P2093,3,5,799,1.9,0.5,399.5
P2094,5,1,1499,3.8,0.8,1199.2
P2095,5,1,1999,3.0,0.8,1599.2
P2096,2,4,499,2.8,0.6,299.4
P2097,3,1,1299,5.5,0.8,1039.2
P2098,1,5,499,3.4,0.5,249.5
P2099,4,4,699,5.2,0.6,419.4
P2100,4,4,799,7.7,0.6,479.4
P2101,2,3,899,2.0,0.7,629.3
P2102,5,5,399,4.7,0.5,199.5
P2103,3,3,599,9.5,0.7,419.29999999999995
P2104,2,3,599,9.9,0.7,419.29999999999995
P2105,2,5,199,1.4,0.5,99.5
P2106,1,5,499,6.8,0.5,249.5
P2107,5,1,1999,2.6,0.8,1599.2
P2108,4,1,1299,8.7,0.8,1039.2
P2109,3,3,1199,6.5,0.7,839.3
P2110,5,5,199,7.0,0.5,99.5
P2111,2,5,599,6.0,0.5,299.5
P2112,5,4,599,4.5,0.6,359.4
P2113,3,1,1299,6.7,0.8,1039.2
P2114,3,2,999,6.4,0.75,749.25
P2115,3,1,1899,9.5,0.8,1519.2
P2116,2,4,1099,3.6,0.6,659.4
P2117,1,3,999,5.6,0.7,699.3
P2118,4,5,399,7.9,0.5,199.5
P2119,4,5,99,4.8,0.5,49.5
P2120,5,2,1299,4.8,0.75,974.25
P2121,3,5,199,9.7,0.5,99.5
P2122,4,2,899,5.5,0.75,674.25
P2123,5,4,499,8.3,0.6,299.4
P2124,3,4,399,9.2,0.6,239.39999999999998
P2125,5,4,499,2.8,0.6,299.4
P2126,3,3,799,5.5,0.7,559.3
P2127,5,2,1299,7.7,0.75,974.25
P2128,1,2,1299,2.6,0.75,974.25
P2129,4,1,1299,5.7,0.8,1039.2
P2130,1,4,599,4.7,0.6,359.4
P2131,4,2,1299,4.5,0.75,974.25
P2132,3,2,1199,2.6,0.75,899.25
P2133,1,3,699,8.5,0.7,489.29999999999995
P2134,5,1,1499,8.0,0.8,1199.2
P2135,4,3,1199,6.7,0.7,839.3
P2136,5,3,1299,2.3,0.7,909.3
P2137,5,2,1399,5.5,0.75,1049.25
P2138,3,3,1199,2.0,0.7,839.3
P2139,3,1,1399,4.8,0.8,1119.2
P2140,5,4,1099,9.7,0.6,659.4
P2141,5,2,999,9.6,0.75,749.25
P2142,5,2,1599,9.4,0.75,1199.25
P2143,2,4,899,5.7,0.6,539.4
P2144,3,3,1299,2.9,0.7,909.3
P2145,1,1,1799,1.7000000000000002,0.8,1439.2
P2146,2,5,499,2.0,0.5,249.5
P2147,3,1,1999,6.6,0.8,1599.2
P2148,3,3,1099,8.6,0.7,769.3
P2149,4,1,1499,9.0,0.8,1199.2
P2150,2,5,799,5.4,0.5,399.5
P2151,4,3,599,2.6,0.7,419.29999999999995
P2152,2,4,899,2.7,0.6,539.4
P2153,3,1,1799,6.6,0.8,1439.2
P2154,3,3,999,3.7,0.7,699.3
P2155,3,1,1299,10.0,0.8,1039.2
P2156,2,1,1499,7.0,0.8,1199.2
P2157,4,2,1099,3.8,0.75,824.25
P2158,2,4,499,6.4,0.6,299.4
P2159,3,2,999,4.8,0.75,749.25
P2160,2,5,99,5.3,0.5,49.5
P2161,4,4,399,5.0,0.6,239.39999999999998
P2162,1,1,1499,6.8,0.8,1199.2
P2163,4,2,1199,4.8,0.75,899.25
P2164,2,1,1899,1.8,0.8,1519.2
P2165,1,4,699,9.5,0.6,419.4
P2166,2,4,499,4.3,0.6,299.4
P2167,5,3,699,9.9,0.7,489.29999999999995
P2168,5,4,399,3.3,0.6,239.39999999999998
P2169,4,1,1599,3.6,0.8,1279.2
P2170,4,2,1499,1.8,0.75,1124.25
P2171,4,4,999,4.4,0.6,599.4
P2172,2,5,799,3.6,0.5,399.5
P2173,5,3,599,4.8,0.7,419.29999999999995
P2174,1,3,699,7.0,0.7,489.29999999999995
P2175,2,2,1599,1.5,0.75,1199.25
P2176,4,3,599,1.6,0.7,419.29999999999995
P2177,1,5,199,7.9,0.5,99.5
P2178,2,2,1299,2.8,0.75,974.25
P2179,5,5,799,3.2,0.5,399.5
P2180,5,3,1099,9.5,0.7,769.3
P2181,3,2,1099,2.7,0.75,824.25
P2182,5,1,1299,9.8,0.8,1039.2
P2183,5,5,699,6.6,0.5,349.5
P2184,3,1,1899,9.7,0.8,1519.2
P2185,2,5,199,2.1,0.5,99.5
P2186,5,2,1099,8.9,0.75,824.25
P2187,1,3,1199,2.6,0.7,839.3
P2188,2,4,1099,2.7,0.6,659.4
P2189,2,2,1599,2.7,0.75,1199.25
P2190,5,2,1399,3.7,0.75,1049.25
P2191,5,5,499,5.2,0.5,249.5
P2192,1,2,999,5.5,0.75,749.25
P2193,5,3,999,2.0,0.7,699.3
P2194,5,5,99,6.1,0.5,49.5
P2195,1,2,1399,5.4,0.75,1049.25
P2196,4,1,1399,6.9,0.8,1119.2
P2197,1,2,999,2.6,0.75,749.25
P2198,2,4,999,9.9,0.6,599.4
P2199,2,3,799,2.3,0.7,559.3
P2200,3,4,999,9.4,0.6,599.4
P2201,1,5,399,7.2,0.5,199.5
P2202,4,5,299,3.0,0.5,149.5
P2203,5,4,999,9.0,0.6,599.4
P2204,3,5,199,8.9,0.5,99.5
P2205,2,1,1599,1.5,0.8,1279.2
P2206,5,4,399,5.6,0.6,239.39999999999998
P2207,3,4,1099,3.3,0.6,659.4
P2208,2,4,599,8.2,0.6,359.4
P2209,3,4,1099,2.4,0.6,659.4
P2210,2,5,99,4.1,0.5,49.5
P2211,4,1,1699,8.0,0.8,1359.2
P2212,1,5,199,5.3,0.5,99.5
P2213,1,3,899,1.5,0.7,629.3
P2214,4,5,499,9.2,0.5,249.5
P2215,5,5,499,5.3,0.5,249.5
P2216,4,3,1299,1.4,0.7,909.3
P2217,4,1,1799,9.6,0.8,1439.2
P2218,2,4,899,1.3,0.6,539.4
P2219,1,4,399,3.6,0.6,239.39999999999998
P2220,1,1,1399,1.6,0.8,1119.2
P2221,4,5,299,3.6,0.5,149.5
P2222,2,3,899,9.3,0.7,629.3
P2223,3,1,1999,1.5,0.8,1599.2
P2224,5,1,1799,3.5,0.8,1439.2
P2225,1,2,1299,1.6,0.75,974.25
P2226,4,1,1599,2.8,0.8,1279.2
P2227,2,5,99,1.6,0.5,49.5
P2228,3,2,1199,4.4,0.75,899.25
P2229,5,2,999,5.9,0.75,749.25
P2230,2,1,1999,2.6,0.8,1599.2
P2231,4,4,599,1.3,0.6,359.4
P2232,2,4,999,5.0,0.6,599.4
P2233,3,5,599,7.2,0.5,299.5
P2234,5,1,1499,9.6,0.8,1199.2
P2235,2,4,599,2.7,0.6,359.4
P2236,4,2,1599,8.6,0.75,1199.25
P2237,4,5,399,5.2,0.5,199.5
P2238,4,1,1799,6.8,0.8,1439.2
P2239,4,1,1299,6.5,0.8,1039.2
P2240,2,4,799,6.3,0.6,479.4
P2241,3,4,599,1.4,0.6,359.4
P2242,5,5,399,1.5,0.5,199.5
P2243,5,2,899,9.8,0.75,674.25
P2244,5,3,599,3.6,0.7,419.29999999999995
P2245,3,2,1499,9.6,0.75,1124.25
P2246,4,3,899,2.3,0.7,629.3
P2247,2,5,799,2.7,0.5,399.5
P2248,1,3,699,1.4,0.7,489.29999999999995
P2249,2,2,899,3.5,0.75,674.25
P2250,5,5,799,9.4,0.5,399.5
P2251,2,2,1299,5.5,0.75,974.25
P2252,1,4,499,6.9,0.6,299.4
P2253,5,2,1099,3.0,0.75,824.25
P2254,3,4,499,7.9,0.6,299.4
P2255,2,3,1299,1.3,0.7,909.3
P2256,4,5,599,8.9,0.5,299.5
P2257,2,1,1699,3.8,0.8,1359.2
P2258,1,2,1199,9.6,0.75,899.25
P2259,3,4,1099,4.7,0.6,659.4
P2260,4,5,599,6.7,0.5,299.5
P2261,1,5,299,4.7,0.5,149.5
P2262,2,3,699,4.6,0.7,489.29999999999995
P2263,1,2,899,4.9,0.75,674.25
P2264,4,3,799,9.3,0.7,559.3
P2265,4,4,899,6.2,0.6,539.4
P2266,4,3,1099,1.3,0.7,769.3
P2267,3,4,899,1.3,0.6,539.4
P2268,2,2,1099,2.7,0.75,824.25
P2269,5,5,599,7.4,0.5,299.5
P2270,1,2,1199,5.0,0.75,899.25
P2271,5,4,599,1.3,0.6,359.4
P2272,3,2,1499,2.0,0.75,1124.25
P2273,3,4,799,2.6,0.6,479.4
P2274,4,2,1399,6.4,0.75,1049.25
P2275,1,5,699,8.9,0.5,349.5
P2276,5,4,899,9.3,0.6,539.4
P2277,5,1,1699,6.5,0.8,1359.2
P2278,4,4,999,2.7,0.6,599.4
P2279,1,1,1899,7.9,0.8,1519.2
P2280,2,1,1399,5.9,0.8,1119.2
P2281,1,1,1499,3.8,0.8,1199.2
P2282,5,2,1599,6.7,0.75,1199.25
P2283,5,2,1199,4.5,0.75,899.25
P2284,5,4,399,8.3,0.6,239.39999999999998
P2285,5,1,1499,5.9,0.8,1199.2
P2286,4,1,1899,8.7,0.8,1519.2
P2287,4,3,599,8.0,0.7,419.29999999999995
P2288,2,3,699,7.4,0.7,489.29999999999995
P2289,1,5,799,6.0,0.5,399.5
P2290,1,2,999,7.8,0.75,749.25
P2291,2,4,499,6.3,0.6,299.4
P2292,5,5,599,8.4,0.5,299.5
P2293,5,4,799,8.0,0.6,479.4
P2294,1,2,1199,8.5,0.75,899.25
P2295,5,1,1599,1.6,0.8,1279.2
P2296,2,2,1099,9.9,0.75,824.25
P2297,4,1,1799,9.9,0.8,1439.2
P2298,4,3,999,6.6,0.7,699.3
P2299,5,4,699,7.6,0.6,419.4
P2300,5,3,1199,8.8,0.7,839.3
P2301,4,2,999,7.7,0.75,749.25
P2302,5,5,799,10.0,0.5,399.5
P2303,1,1,1999,6.0,0.8,1599.2
P2304,3,4,1099,7.2,0.6,659.4
P2305,2,1,1599,9.0,0.8,1279.2
P2306,1,3,699,9.9,0.7,489.29999999999995
P2307,3,4,999,2.9,0.6,599.4
P2308,4,4,1099,7.5,0.6,659.4
P2309,3,4,1099,9.2,0.6,659.4
P2310,1,4,699,4.8,0.6,419.4
P2311,3,3,1099,2.6,0.7,769.3
P2312,5,1,1899,7.8,0.8,1519.2
P2313,3,3,1099,5.5,0.7,769.3
P2314,2,2,899,6.8,0.75,674.25
P2315,1,2,1099,8.4,0.75,824.25
P2316,4,3,699,8.9,0.7,489.29999999999995
P2317,1,4,699,1.3,0.6,419.4
P2318,3,4,599,3.5,0.6,359.4
P2319,1,4,599,2.3,0.6,359.4
P2320,5,2,1099,2.4,0.75,824.25
P2321,5,4,699,5.3,0.6,419.4
P2322,2,3,999,4.6,0.7,699.3
P2323,1,5,799,2.1,0.5,399.5
P2324,5,4,599,4.3,0.6,359.4
P2325,5,4,499,1.4,0.6,299.4
P2326,1,2,899,3.7,0.75,674.25
P2327,2,2,1499,7.7,0.75,1124.25
P2328,3,5,399,9.4,0.5,199.5
P2329,5,2,999,3.5,0.75,749.25
P2330,4,2,999,9.8,0.75,749.25
P2331,5,3,999,3.3,0.7,699.3
P2332,1,3,1099,4.5,0.7,769.3
P2333,3,3,599,1.7000000000000002,0.7,419.29999999999995
P2334,1,2,1599,5.5,0.75,1199.25
P2335,1,5,699,7.4,0.5,349.5
P2336,5,2,1599,9.4,0.75,1199.25
P2337,3,1,1299,9.5,0.8,1039.2
P2338,1,2,899,7.9,0.75,674.25
P2339,1,4,699,8.2,0.6,419.4
P2340,1,5,699,6.1,0.5,349.5
P2341,1,3,1299,2.9,0.7,909.3
P2342,2,4,699,6.2,0.6,419.4
P2343,4,5,599,5.3,0.5,299.5
P2344,2,4,799,5.5,0.6,479.4
P2345,1,5,299,6.3,0.5,149.5
P2346,2,2,999,4.5,0.75,749.25
P2347,3,4,399,4.9,0.6,239.39999999999998
P2348,2,5,599,10.0,0.5,299.5
P2349,1,3,799,9.3,0.7,559.3
P2350,3,3,1299,4.3,0.7,909.3
P2351,5,2,1299,3.8,0.75,974.25
P2352,3,5,699,9.3,0.5,349.5
P2353,4,4,499,2.9,0.6,299.4
P2354,1,2,1399,3.5,0.75,1049.25
P2355,2,1,1299,5.5,0.8,1039.2
P2356,4,4,699,2.9,0.6,419.4
P2357,3,4,1099,9.0,0.6,659.4
P2358,5,5,799,4.4,0.5,399.5
P2359,1,5,99,8.2,0.5,49.5
P2360,4,1,1799,5.6,0.8,1439.2
P2361,5,5,199,7.5,0.5,99.5
P2362,4,2,1499,6.7,0.75,1124.25
P2363,4,4,1099,2.3,0.6,659.4
P2364,3,2,1199,9.4,0.75,899.25
P2365,5,5,799,3.7,0.5,399.5
P2366,1,2,1599,9.6,0.75,1199.25
P2367,3,5,299,7.7,0.5,149.5
P2368,1,1,1899,2.5,0.8,1519.2
P2369,3,3,1099,4.3,0.7,769.3
P2370,3,2,999,9.9,0.75,749.25
P2371,1,1,1399,5.8,0.8,1119.2
P2372,3,2,899,3.4,0.75,674.25
P2373,3,1,1399,3.9,0.8,1119.2
P2374,4,1,1399,1.9,0.8,1119.2
P2375,2,3,1299,3.4,0.7,909.3
P2376,1,5,799,3.8,0.5,399.5
P2377,2,4,899,9.3,0.6,539.4
P2378,3,4,1099,5.0,0.6,659.4
P2379,2,5,199,4.1,0.5,99.5
P2380,4,3,1099,2.7,0.7,769.3
P2381,5,5,99,3.4,0.5,49.5
P2382,3,2,1499,9.8,0.75,1124.25
P2383,5,1,1499,4.0,0.8,1199.2
P2384,2,2,1499,8.8,0.75,1124.25
P2385,3,5,499,4.4,0.5,249.5
P2386,2,3,799,5.5,0.7,559.3
P2387,3,3,899,4.7,0.7,629.3
P2388,2,3,799,6.6,0.7,559.3
P2389,1,1,1899,6.5,0.8,1519.2
P2390,3,5,99,6.2,0.5,49.5
P2391,4,4,699,9.6,0.6,419.4
P2392,4,1,1699,4.6,0.8,1359.2
P2393,1,1,1799,2.7,0.8,1439.2
P2394,3,5,399,4.6,0.5,199.5
P2395,5,4,999,8.0,0.6,599.4
P2396,2,1,1399,5.7,0.8,1119.2
P2397,5,3,1199,3.4,0.7,839.3
P2398,2,3,699,5.0,0.7,489.29999999999995
P2399,1,4,899,5.9,0.6,539.4
P2400,1,5,699,3.0,0.5,349.5
P2401,5,5,399,5.8,0.5,199.5
P2402,1,3,899,3.0,0.7,629.3
P2403,3,2,1299,7.6,0.75,974.25
P2404,5,1,1599,1.7000000000000002,0.8,1279.2
P2405,2,5,199,6.6,0.5,99.5
P2406,2,5,199,3.3,0.5,99.5
P2407,1,3,699,1.6,0.7,489.29999999999995
P2408,5,1,1899,5.6,0.8,1519.2
P2409,4,1,1999,3.9,0.8,1599.2
P2410,2,2,1399,6.6,0.75,1049.25
P2411,5,1,1599,3.8,0.8,1279.2
P2412,2,1,1499,7.5,0.8,1199.2
P2413,2,5,399,4.5,0.5,199.5
P2414,4,3,999,7.0,0.7,699.3
P2415,5,3,599,9.3,0.7,419.29999999999995
P2416,5,4,599,9.0,0.6,359.4
P2417,5,5,99,7.1,0.5,49.5
P2418,5,1,1799,3.7,0.8,1439.2
P2419,2,3,1299,2.6,0.7,909.3
P2420,3,5,399,4.6,0.5,199.5
P2421,3,1,1599,4.0,0.8,1279.2
P2422,1,4,1099,4.7,0.6,659.4
P2423,1,2,1099,4.8,0.75,824.25
P2424,3,1,1599,4.9,0.8,1279.2
P2425,1,4,699,6.3,0.6,419.4
P2426,4,4,599,1.3,0.6,359.4
P2427,3,4,999,9.4,0.6,599.4
P2428,4,3,599,8.4,0.7,419.29999999999995
P2429,4,4,899,9.6,0.6,539.4
P2430,1,1,1899,4.9,0.8,1519.2
P2431,4,1,1899,9.5,0.8,1519.2
P2432,1,2,1599,7.8,0.75,1199.25
P2433,3,5,799,9.9,0.5,399.5
P2434,1,4,399,8.4,0.6,239.39999999999998
P2435,2,2,999,7.8,0.75,749.25
P2436,5,3,599,4.3,0.7,419.29999999999995
P2437,2,4,499,4.6,0.6,299.4
P2438,4,3,599,3.6,0.7,419.29999999999995
P2439,5,5,699,1.6,0.5,349.5
P2440,4,3,1199,9.3,0.7,839.3
P2441,1,1,1899,5.5,0.8,1519.2
P2442,3,4,999,2.9,0.6,599.4
P2443,4,4,699,4.9,0.6,419.4
P2444,3,1,1799,3.7,0.8,1439.2
P2445,4,2,899,5.6,0.75,674.25
P2446,3,5,399,2.1,0.5,199.5
P2447,5,3,899,9.3,0.7,629.3
P2448,5,3,699,2.4,0.7,489.29999999999995
P2449,5,4,999,2.4,0.6,599.4
P2450,1,4,699,2.5,0.6,419.4
P2451,5,1,1299,9.5,0.8,1039.2
P2452,3,4,899,8.9,0.6,539.4
P2453,5,5,299,8.3,0.5,149.5
P2454,2,5,499,6.1,0.5,249.5
P2455,4,1,1899,3.8,0.8,1519.2
P2456,2,2,1099,7.7,0.75,824.25
P2457,1,5,399,1.7000000000000002,0.5,199.5
P2458,4,4,599,8.0,0.6,359.4
P2459,1,5,399,6.2,0.5,199.5
P2460,2,3,599,6.9,0.7,419.29999999999995
P2461,3,4,399,1.9,0.6,239.39999999999998
P2462,3,4,499,5.2,0.6,299.4
P2463,2,1,1299,2.7,0.8,1039.2
P2464,2,4,399,3.5,0.6,239.39999999999998
P2465,2,1,1299,10.0,0.8,1039.2
P2466,5,3,699,6.0,0.7,489.29999999999995
P2467,5,3,1099,4.5,0.7,769.3
P2468,4,3,999,8.4,0.7,699.3
P2469,5,4,899,4.7,0.6,539.4
P2470,4,3,999,6.9,0.7,699.3
P2471,1,2,1399,7.4,0.75,1049.25
P2472,3,3,699,9.9,0.7,489.29999999999995
P2473,2,5,399,9.7,0.5,199.5
P2474,5,5,499,3.1,0.5,249.5
P2475,2,4,899,5.8,0.6,539.4
P2476,1,3,1199,4.3,0.7,839.3
P2477,1,2,1299,9.0,0.75,974.25
P2478,3,4,399,9.5,0.6,239.39999999999998
P2479,5,3,899,7.3,0.7,629.3
P2480,2,5,299,4.8,0.5,149.5
P2481,4,2,899,6.8,0.75,674.25
P2482,5,2,1199,4.0,0.75,899.25
P2483,1,5,799,9.1,0.5,399.5
P2484,3,2,1099,2.8,0.75,824.25
P2485,3,2,1499,5.5,0.75,1124.25
P2486,5,4,899,3.0,0.6,539.4
P2487,3,2,1299,6.7,0.75,974.25
P2488,5,4,999,3.5,0.6,599.4
P2489,2,1,1399,7.9,0.8,1119.2
P2490,1,2,1599,5.9,0.75,1199.25
P2491,4,2,1599,9.5,0.75,1199.25
P2492,5,2,1299,6.4,0.75,974.25
P2493,3,4,599,5.8,0.6,359.4
P2494,2,4,799,6.4,0.6,479.4
P2495,4,2,999,6.5,0.75,749.25
P2496,5,3,599,7.0,0.7,419.29999999999995
P2497,4,5,199,1.1,0.5,99.5
P2498,2,4,799,5.5,0.6,479.4
P2499,5,2,1299,4.8,0.75,974.25
P2500,4,5,99,8.6,0.5,49.5
P2501,1,2,1299,1.9,0.75,974.25
P2502,1,1,1899,2.8,0.8,1519.2
P2503,4,2,1499,2.4,0.75,1124.25
P2504,1,2,1499,5.5,0.75,1124.25
P2505,2,3,899,2.4,0.7,629.3
P2506,1,1,1599,2.9,0.8,1279.2
P2507,5,2,999,7.7,0.75,749.25
P2508,1,5,399,8.0,0.5,199.5
P2509,1,4,999,6.5,0.6,599.4
P2510,5,2,999,6.6,0.75,749.25
P2511,1,2,1599,7.0,0.75,1199.25
P2512,3,4,499,4.0,0.6,299.4
P2513,5,3,699,5.0,0.7,489.29999999999995
P2514,1,4,599,1.6,0.6,359.4
P2515,5,5,599,6.7,0.5,299.5
P2516,5,1,1699,6.0,0.8,1359.2
P2517,3,3,899,8.3,0.7,629.3
P2518,3,3,799,3.6,0.7,559.3
P2519,2,5,99,2.0,0.5,49.5
P2520,3,3,999,3.3,0.7,699.3
P2521,3,4,999,4.5,0.6,599.4
P2522,1,2,999,2.6,0.75,749.25
P2523,3,3,599,8.4,0.7,419.29999999999995
P2524,2,4,399,8.4,0.6,239.39999999999998
P2525,5,3,999,3.5,0.7,699.3
P2526,2,2,1099,9.0,0.75,824.25
P2527,3,2,1499,9.0,0.75,1124.25
P2528,3,5,499,8.8,0.5,249.5
P2529,2,3,999,8.3,0.7,699.3
P2530,1,2,1399,7.5,0.75,1049.25
P2531,5,5,699,7.8,0.5,349.5
P2532,4,3,799,10.0,0.7,559.3
P2533,1,2,899,8.0,0.75,674.25
P2534,5,5,99,1.7000000000000002,0.5,49.5
P2535,3,2,1599,10.0,0.75,1199.25
P2536,1,3,999,1.4,0.7,699.3
P2537,3,4,699,6.0,0.6,419.4
P2538,3,3,799,9.5,0.7,559.3
P2539,5,5,399,4.0,0.5,199.5
P2540,4,2,899,3.9,0.75,674.25
P2541,3,1,1799,9.5,0.8,1439.2
P2542,1,5,99,9.6,0.5,49.5
P2543,1,1,1499,7.0,0.8,1199.2
P2544,4,5,299,1.3,0.5,149.5
P2545,2,5,199,8.1,0.5,99.5
P2546,1,4,899,5.2,0.6,539.4
P2547,1,1,1399,7.5,0.8,1119.2
P2548,3,5,599,1.4,0.5,299.5
P2549,4,4,999,2.7,0.6,599.4
P2550,1,5,699,4.6,0.5,349.5
P2551,2,3,699,5.4,0.7,489.29999999999995
P2552,3,3,1199,6.7,0.7,839.3
P2553,1,2,1399,3.7,0.75,1049.25
P2554,2,5,399,4.8,0.5,199.5
P2555,5,1,1499,8.6,0.8,1199.2
P2556,2,3,1199,8.0,0.7,839.3
P2557,3,2,1099,3.4,0.75,824.25
P2558,2,5,799,2.5,0.5,399.5
P2559,5,1,1899,8.5,0.8,1519.2
P2560,5,2,999,1.8,0.75,749.25
P2561,3,3,1099,2.8,0.7,769.3
P2562,4,3,799,9.0,0.7,559.3
P2563,3,4,999,3.0,0.6,599.4
P2564,2,1,1599,4.0,0.8,1279.2
P2565,2,4,999,5.5,0.6,599.4
P2566,3,5,199,4.4,0.5,99.5
P2567,3,2,1499,9.6,0.75,1124.25
P2568,4,4,999,7.3,0.6,599.4
P2569,1,2,1099,7.7,0.75,824.25
P2570,4,2,899,9.0,0.75,674.25
P2571,2,3,1199,3.9,0.7,839.3
P2572,3,1,1399,1.6,0.8,1119.2
P2573,5,2,1299,7.4,0.75,974.25
P2574,4,2,1299,2.7,0.75,974.25
P2575,5,1,1399,6.8,0.8,1119.2
P2576,1,4,699,1.3,0.6,419.4
P2577,4,1,1299,9.6,0.8,1039.2
P2578,2,3,799,4.3,0.7,559.3
P2579,2,2,1399,9.9,0.75,1049.25
P2580,5,3,1199,3.6,0.7,839.3
P2581,5,3,999,3.7,0.7,699.3
P2582,5,5,499,5.3,0.5,249.5
P2583,1,5,599,4.1,0.5,299.5
P2584,3,4,499,9.9,0.6,299.4
P2585,1,1,1599,1.7000000000000002,0.8,1279.2
P2586,5,2,899,3.5,0.75,674.25
P2587,2,5,299,3.5,0.5,149.5
P2588,1,2,1499,2.0,0.75,1124.25
P2589,5,3,599,7.3,0.7,419.29999999999995
P2590,5,1,1999,9.0,0.8,1599.2
P2591,5,5,699,9.4,0.5,349.5
P2592,5,5,799,9.8,0.5,399.5
P2593,4,5,399,8.9,0.5,199.5
P2594,5,4,899,2.7,0.6,539.4
P2595,3,4,799,9.7,0.6,479.4
P2596,2,2,1199,6.6,0.75,899.25
P2597,4,1,1799,8.6,0.8,1439.2
P2598,5,5,299,4.1,0.5,149.5
P2599,2,2,1399,8.9,0.75,1049.25
P2600,4,1,1899,5.8,0.8,1519.2
P2601,3,1,1299,3.0,0.8,1039.2
P2602,1,2,899,3.0,0.75,674.25
P2603,4,2,1099,4.5,0.75,824.25
P2604,3,4,399,8.9,0.6,239.39999999999998
P2605,4,3,999,9.8,0.7,699.3
P2606,1,3,999,6.6,0.7,699.3
P2607,1,2,999,7.9,0.75,749.25
P2608,2,4,499,2.3,0.6,299.4
P2609,5,3,999,1.5,0.7,699.3
P2610,2,5,299,4.0,0.5,149.5
P2611,4,1,1499,4.9,0.8,1199.2
P2612,3,3,1199,7.6,0.7,839.3
P2613,4,5,299,5.3,0.5,149.5
P2614,2,2,1499,3.9,0.75,1124.25
P2615,2,1,1899,1.5,0.8,1519.2
P2616,5,2,899,5.5,0.75,674.25
P2617,2,3,1199,5.0,0.7,839.3
P2618,4,3,999,4.3,0.7,699.3
P2619,1,3,1199,9.3,0.7,839.3
P2620,1,5,699,2.3,0.5,349.5
P2621,2,1,1299,2.9,0.8,1039.2
P2622,4,5,199,8.9,0.5,99.5
P2623,4,1,1399,6.8,0.8,1119.2
P2624,1,4,599,7.4,0.6,359.4
P2625,1,1,1999,2.5,0.8,1599.2
P2626,2,4,699,2.6,0.6,419.4
P2627,3,3,1099,2.0,0.7,769.3
P2628,3,2,1099,2.8,0.75,824.25
P2629,2,1,1499,2.5,0.8,1199.2
P2630,5,5,799,9.6,0.5,399.5
P2631,3,2,1599,3.5,0.75,1199.25
P2632,2,1,1599,7.5,0.8,1279.2
P2633,5,1,1999,2.6,0.8,1599.2
P2634,3,5,399,8.0,0.5,199.5
P2635,1,3,799,5.0,0.7,559.3
P2636,2,1,1499,7.0,0.8,1199.2
P2637,4,2,899,5.8,0.75,674.25
P2638,3,4,699,6.2,0.6,419.4
P2639,2,3,1299,6.5,0.7,909.3
P2640,4,5,699,5.5,0.5,349.5
P2641,1,2,899,9.4,0.75,674.25
P2642,1,3,999,8.4,0.7,699.3
P2643,4,4,799,9.3,0.6,479.4
P2644,3,5,299,4.5,0.5,149.5
P2645,1,4,1099,10.0,0.6,659.4
P2646,5,3,599,6.7,0.7,419.29999999999995
P2647,3,2,1599,8.4,0.75,1199.25
P2648,4,5,199,3.2,0.5,99.5
P2649,3,4,599,2.2,0.6,359.4
P2650,2,3,1099,3.6,0.7,769.3
P2651,5,4,799,5.2,0.6,479.4
P2652,5,5,199,1.1,0.5,99.5
P2653,5,4,799,5.0,0.6,479.4
P2654,1,2,999,7.4,0.75,749.25
P2655,4,4,1099,3.5,0.6,659.4
P2656,2,4,999,3.2,0.6,599.4
P2657,2,2,899,9.7,0.75,674.25
P2658,1,1,1599,1.8,0.8,1279.2
P2659,3,5,299,8.9,0.5,149.5
P2660,1,1,1399,6.8,0.8,1119.2
P2661,5,2,1199,3.0,0.75,899.25
P2662,3,1,1299,2.6,0.8,1039.2
P2663,4,4,599,9.8,0.6,359.4
P2664,1,5,499,4.1,0.5,249.5
P2665,4,2,1599,7.6,0.75,1199.25
P2666,3,5,399,5.7,0.5,199.5
P2667,4,1,1899,9.0,0.8,1519.2
P2668,5,2,899,5.8,0.75,674.25
P2669,5,4,599,2.6,0.6,359.4
P2670,3,3,799,7.9,0.7,559.3
P2671,3,1,1899,3.5,0.8,1519.2
P2672,3,2,1399,7.4,0.75,1049.25
P2673,1,4,699,6.7,0.6,419.4
P2674,2,5,499,6.0,0.5,249.5
P2675,2,2,1599,1.6,0.75,1199.25
P2676,1,3,799,1.8,0.7,559.3
P2677,3,2,1599,10.0,0.75,1199.25
P2678,1,5,99,2.7,0.5,49.5
P2679,5,4,999,4.4,0.6,599.4
P2680,3,5,699,5.4,0.5,349.5
P2681,4,5,699,9.9,0.5,349.5
P2682,3,2,1099,4.0,0.75,824.25
P2683,2,5,99,1.2,0.5,49.5
P2684,2,5,299,2.2,0.5,149.5
P2685,2,3,899,3.3,0.7,629.3
P2686,1,3,1199,7.8,0.7,839.3
P2687,5,4,599,6.2,0.6,359.4
P2688,2,5,599,3.0,0.5,299.5
P2689,2,3,599,2.3,0.7,419.29999999999995
P2690,5,2,999,6.9,0.75,749.25
P2691,2,2,999,10.0,0.75,749.25
P2692,4,5,499,2.2,0.5,249.5
P2693,4,2,1299,1.7000000000000002,0.75,974.25
P2694,5,3,899,1.4,0.7,629.3
P2695,2,5,99,3.5,0.5,49.5
P2696,1,1,1299,1.7000000000000002,0.8,1039.2
P2697,5,1,1699,7.7,0.8,1359.2
P2698,3,2,899,9.8,0.75,674.25
P2699,3,2,1599,4.4,0.75,1199.25
P2700,3,4,499,5.6,0.6,299.4
P2701,1,1,1999,3.0,0.8,1599.2
P2702,2,2,1099,7.0,0.75,824.25
P2703,2,1,1799,6.5,0.8,1439.2
P2704,2,1,1399,5.7,0.8,1119.2
P2705,5,5,399,4.3,0.5,199.5
P2706,2,1,1999,3.8,0.8,1599.2
P2707,1,5,199,5.2,0.5,99.5
P2708,5,5,699,9.1,0.5,349.5
P2709,5,2,1499,5.8,0.75,1124.25
P2710,5,4,799,2.8,0.6,479.4
P2711,1,4,599,7.8,0.6,359.4
P2712,1,4,699,9.6,0.6,419.4
P2713,3,2,1199,4.0,0.75,899.25
P2714,2,2,1399,6.4,0.75,1049.25
P2715,5,3,999,5.8,0.7,699.3
P2716,5,4,699,9.0,0.6,419.4
P2717,4,1,1399,7.0,0.8,1119.2
P2718,2,3,699,2.0,0.7,489.29999999999995
P2719,2,2,1099,4.9,0.75,824.25
P2720,1,3,1099,5.7,0.7,769.3
P2721,5,4,899,8.6,0.6,539.4
P2722,4,5,599,8.4,0.5,299.5
P2723,2,5,499,9.5,0.5,249.5
P2724,3,3,899,7.3,0.7,629.3
P2725,4,1,1699,5.9,0.8,1359.2
P2726,4,1,1999,9.7,0.8,1599.2
P2727,2,5,799,5.1,0.5,399.5
P2728,2,4,1099,6.3,0.6,659.4
P2729,2,5,599,3.0,0.5,299.5
P2730,4,5,499,1.7000000000000002,0.5,249.5
P2731,4,5,699,3.5,0.5,349.5
P2732,5,5,599,2.7,0.5,299.5
P2733,2,2,899,9.9,0.75,674.25
P2734,4,1,1399,9.0,0.8,1119.2
P2735,1,5,299,2.0,0.5,149.5
P2736,2,3,1199,6.0,0.7,839.3
P2737,2,3,1299,8.8,0.7,909.3
P2738,3,5,399,7.2,0.5,199.5
P2739,3,3,899,3.6,0.7,629.3
P2740,3,3,899,7.3,0.7,629.3
P2741,4,4,499,4.8,0.6,299.4
P2742,2,1,1799,2.0,0.8,1439.2
P2743,2,5,499,2.9,0.5,249.5
P2744,3,3,699,5.0,0.7,489.29999999999995
P2745,4,5,199,6.3,0.5,99.5
P2746,1,1,1499,9.8,0.8,1199.2
P2747,3,1,1899,1.8,0.8,1519.2
P2748,3,1,1399,5.7,0.8,1119.2
P2749,1,4,399,9.5,0.6,239.39999999999998
P2750,5,5,499,6.1,0.5,249.5
P2751,2,1,1499,8.0,0.8,1199.2
P2752,2,1,1399,1.9,0.8,1119.2
P2753,3,1,1699,8.0,0.8,1359.2
P2754,5,4,699,2.5,0.6,419.4
P2755,2,4,499,9.4,0.6,299.4
P2756,1,1,1999,7.0,0.8,1599.2
P2757,2,5,699,1.4,0.5,349.5
P2758,1,5,599,4.6,0.5,299.5
P2759,2,3,799,6.3,0.7,559.3
P2760,5,4,799,1.8,0.6,479.4
P2761,4,4,699,3.4,0.6,419.4
P2762,1,3,1099,4.7,0.7,769.3
P2763,3,3,599,5.9,0.7,419.29999999999995
P2764,3,4,499,2.0,0.6,299.4
P2765,3,4,499,9.3,0.6,299.4
P2766,4,5,99,6.5,0.5,49.5
P2767,2,5,399,1.7000000000000002,0.5,199.5
P2768,3,4,1099,1.6,0.6,659.4
P2769,1,1,1599,1.8,0.8,1279.2
P2770,2,2,1399,2.7,0.75,1049.25
P2771,3,3,1099,3.3,0.7,769.3
P2772,5,5,599,8.8,0.5,299.5
P2773,2,5,799,3.4,0.5,399.5
P2774,1,2,1599,2.7,0.75,1199.25
P2775,1,1,1899,6.0,0.8,1519.2
P2776,3,1,1299,7.5,0.8,1039.2
P2777,4,4,599,4.4,0.6,359.4
P2778,3,3,999,4.3,0.7,699.3
P2779,3,1,1399,4.8,0.8,1119.2
P2780,1,1,1799,2.9,0.8,1439.2
P2781,1,3,1199,6.9,0.7,839.3
P2782,2,3,599,1.3,0.7,419.29999999999995
P2783,4,5,399,7.2,0.5,199.5
P2784,4,5,299,5.6,0.5,149.5
P2785,1,4,999,9.3,0.6,599.4
P2786,2,3,799,4.0,0.7,559.3
P2787,1,4,599,8.9,0.6,359.4
P2788,1,1,1599,1.7000000000000002,0.8,1279.2
P2789,1,2,1299,8.9,0.75,974.25
P2790,1,2,899,4.6,0.75,674.25
P2791,2,1,1699,2.7,0.8,1359.2
P2792,5,1,1999,3.7,0.8,1599.2
P2793,5,2,1099,4.7,0.75,824.25
P2794,3,4,1099,9.4,0.6,659.4
P2795,4,4,599,6.7,0.6,359.4
P2796,3,2,1499,8.0,0.75,1124.25
P2797,1,4,699,2.9,0.6,419.4
P2798,5,2,1399,4.5,0.75,1049.25
P2799,4,5,199,1.1,0.5,99.5
P2800,1,5,199,3.8,0.5,99.5
P2801,1,4,399,5.0,0.6,239.39999999999998
P2802,3,1,1699,4.7,0.8,1359.2
P2803,3,5,399,4.2,0.5,199.5
P2804,4,4,999,9.5,0.6,599.4
P2805,5,1,1899,2.9,0.8,1519.2
P2806,2,3,1199,2.0,0.7,839.3
P2807,3,2,1399,2.0,0.75,1049.25
P2808,2,1,1999,8.7,0.8,1599.2
P2809,5,2,999,2.6,0.75,749.25
P2810,1,1,1899,8.7,0.8,1519.2
P2811,2,1,1799,9.5,0.8,1439.2
P2812,3,2,1199,7.4,0.75,899.25
P2813,5,3,799,3.5,0.7,559.3
P2814,4,4,799,9.7,0.6,479.4
P2815,5,5,699,9.4,0.5,349.5
P2816,5,3,799,7.4,0.7,559.3
P2817,5,2,999,7.6,0.75,749.25
P2818,1,2,1399,7.9,0.75,1049.25
P2819,2,5,299,8.6,0.5,149.5
P2820,2,3,799,5.0,0.7,559.3
P2821,5,4,899,3.7,0.6,539.4
P2822,1,4,899,5.2,0.6,539.4
P2823,3,2,1199,6.5,0.75,899.25
P2824,1,3,599,8.0,0.7,419.29999999999995
P2825,2,1,1299,2.8,0.8,1039.2
P2826,3,5,799,7.3,0.5,399.5
P2827,3,3,1099,1.4,0.7,769.3
P2828,4,4,699,1.9,0.6,419.4
P2829,2,3,599,7.3,0.7,419.29999999999995
P2830,2,5,399,3.9,0.5,199.5
P2831,5,3,1199,9.5,0.7,839.3
P2832,4,3,599,8.9,0.7,419.29999999999995
P2833,5,3,699,6.5,0.7,489.29999999999995
P2834,1,4,899,1.4,0.6,539.4
P2835,2,5,99,6.7,0.5,49.5
P2836,4,1,1799,4.5,0.8,1439.2
P2837,1,2,1599,5.4,0.75,1199.25
P2838,2,1,1999,2.9,0.8,1599.2
P2839,1,1,1399,2.6,0.8,1119.2
P2840,1,3,599,3.9,0.7,419.29999999999995
P2841,3,3,1199,8.4,0.7,839.3
P2842,3,3,599,3.6,0.7,419.29999999999995
P2843,2,1,1599,9.9,0.8,1279.2
P2844,3,2,1599,7.8,0.75,1199.25
P2845,2,5,799,2.8,0.5,399.5
P2846,5,1,1599,3.0,0.8,1279.2
P2847,4,2,899,5.9,0.75,674.25
P2848,1,5,599,7.4,0.5,299.5
P2849,3,3,899,7.0,0.7,629.3
P2850,5,5,99,7.4,0.5,49.5
P2851,1,1,1899,8.6,0.8,1519.2
P2852,3,3,899,2.4,0.7,629.3
P2853,1,5,399,7.9,0.5,199.5
P2854,1,5,599,5.5,0.5,299.5
P2855,4,5,199,5.9,0.5,99.5
P2856,4,4,1099,3.0,0.6,659.4
P2857,2,4,399,7.8,0.6,239.39999999999998
P2858,4,3,999,2.7,0.7,699.3
P2859,1,3,699,2.4,0.7,489.29999999999995
P2860,2,1,1999,3.7,0.8,1599.2
P2861,2,3,699,3.7,0.7,489.29999999999995
P2862,2,4,599,6.9,0.6,359.4
P2863,3,5,599,6.4,0.5,299.5
P2864,1,4,399,4.6,0.6,239.39999999999998
P2865,1,4,499,7.0,0.6,299.4
P2866,5,3,1099,4.3,0.7,769.3
P2867,1,3,999,10.0,0.7,699.3
P2868,3,3,599,7.9,0.7,419.29999999999995
P2869,2,3,699,8.7,0.7,489.29999999999995
P2870,3,5,599,5.8,0.5,299.5
P2871,5,2,899,1.5,0.75,674.25
P2872,5,5,99,4.9,0.5,49.5
P2873,1,1,1899,9.5,0.8,1519.2
P2874,3,2,1299,7.4,0.75,974.25
P2875,3,5,699,9.3,0.5,349.5
P2876,4,5,99,4.2,0.5,49.5
P2877,3,1,1899,9.9,0.8,1519.2
P2878,5,5,799,5.4,0.5,399.5
P2879,4,5,699,7.3,0.5,349.5
P2880,4,4,399,7.8,0.6,239.39999999999998
P2881,1,5,699,8.1,0.5,349.5
P2882,3,2,1599,6.9,0.75,1199.25
P2883,2,5,199,2.6,0.5,99.5
P2884,2,2,1099,6.0,0.75,824.25
P2885,2,4,1099,4.8,0.6,659.4
P2886,3,3,799,3.6,0.7,559.3
P2887,4,2,899,6.4,0.75,674.25
P2888,2,5,199,3.5,0.5,99.5
P2889,2,3,699,1.9,0.7,489.29999999999995
P2890,1,3,1199,6.3,0.7,839.3
P2891,2,4,699,3.5,0.6,419.4
P2892,5,3,699,6.6,0.7,489.29999999999995
P2893,5,3,899,4.3,0.7,629.3
P2894,2,2,899,2.9,0.75,674.25
P2895,3,4,399,6.9,0.6,239.39999999999998
P2896,4,4,399,2.3,0.6,239.39999999999998
P2897,2,5,499,8.1,0.5,249.5
P2898,5,5,99,6.5,0.5,49.5
P2899,4,2,1599,3.0,0.75,1199.25
P2900,2,2,1299,2.6,0.75,974.25
P2901,3,4,399,3.5,0.6,239.39999999999998
P2902,1,3,599,6.0,0.7,419.29999999999995
P2903,4,2,1199,7.4,0.75,899.25
P2904,1,3,999,1.8,0.7,699.3
P2905,4,1,1699,9.7,0.8,1359.2
P2906,2,2,899,5.6,0.75,674.25
P2907,3,1,1699,8.5,0.8,1359.2
P2908,5,1,1299,1.5,0.8,1039.2
P2909,4,2,1399,1.9,0.75,1049.25
P2910,1,2,1199,5.6,0.75,899.25
P2911,4,1,1699,4.8,0.8,1359.2
P2912,4,4,699,9.7,0.6,419.4
P2913,4,3,899,5.8,0.7,629.3
P2914,4,2,1199,8.9,0.75,899.25
P2915,2,4,799,9.9,0.6,479.4
P2916,4,2,1099,2.0,0.75,824.25
P2917,4,2,1499,3.4,0.75,1124.25
P2918,5,1,1999,4.9,0.8,1599.2
P2919,4,3,799,7.9,0.7,559.3
P2920,2,2,1199,6.7,0.75,899.25
P2921,5,1,1399,8.5,0.8,1119.2
P2922,1,3,799,6.6,0.7,559.3
P2923,2,3,1299,5.9,0.7,909.3
P2924,4,2,1099,3.4,0.75,824.25
P2925,4,2,1099,6.4,0.75,824.25
P2926,1,2,1599,6.6,0.75,1199.25
P2927,1,1,1699,3.9,0.8,1359.2
P2928,2,3,799,7.8,0.7,559.3
P2929,3,3,1199,3.8,0.7,839.3
P2930,5,4,799,3.9,0.6,479.4
P2931,5,3,799,5.7,0.7,559.3
P2932,4,2,1099,6.5,0.75,824.25
P2933,4,4,899,7.7,0.6,539.4
P2934,4,5,499,5.7,0.5,249.5
P2935,5,4,1099,2.6,0.6,659.4
P2936,4,5,799,9.9,0.5,399.5
P2937,5,5,199,2.9,0.5,99.5
P2938,3,2,899,4.6,0.75,674.25
P2939,4,1,1399,1.8,0.8,1119.2
P2940,1,1,1499,8.6,0.8,1199.2
P2941,1,5,799,6.1,0.5,399.5
P2942,5,2,1599,5.0,0.75,1199.25
P2943,2,2,1199,4.4,0.75,899.25
P2944,2,5,99,9.8,0.5,49.5
P2945,4,5,399,8.9,0.5,199.5
P2946,1,5,699,8.7,0.5,349.5
P2947,3,5,499,2.7,0.5,249.5
P2948,5,2,1299,7.9,0.75,974.25
P2949,4,5,199,3.5,0.5,99.5
P2950,1,4,799,3.9,0.6,479.4
P2951,1,4,499,6.9,0.6,299.4
P2952,3,1,1399,7.9,0.8,1119.2
P2953,1,5,399,10.0,0.5,199.5
P2954,2,3,699,2.7,0.7,489.29999999999995
P2955,1,1,1699,8.7,0.8,1359.2
P2956,3,5,499,2.3,0.5,249.5
P2957,2,2,1199,2.5,0.75,899.25
P2958,2,5,699,7.7,0.5,349.5
P2959,4,4,999,2.0,0.6,599.4
P2960,1,1,1399,7.5,0.8,1119.2
P2961,2,3,699,7.4,0.7,489.29999999999995
P2962,2,1,1899,9.9,0.8,1519.2
P2963,2,5,199,9.4,0.5,99.5
P2964,4,2,899,8.8,0.75,674.25
P2965,2,2,1199,8.9,0.75,899.25
P2966,5,4,499,5.0,0.6,299.4
P2967,5,1,1899,2.8,0.8,1519.2
P2968,2,4,1099,9.3,0.6,659.4
P2969,3,4,399,7.4,0.6,239.39999999999998
P2970,5,5,599,3.6,0.5,299.5
P2971,2,2,999,4.7,0.75,749.25
P2972,5,4,499,9.7,0.6,299.4
P2973,4,5,299,2.5,0.5,149.5
P2974,4,5,599,6.0,0.5,299.5
P2975,2,3,599,1.6,0.7,419.29999999999995
P2976,2,1,1899,5.5,0.8,1519.2
P2977,2,3,1199,4.4,0.7,839.3
P2978,3,2,1399,5.8,0.75,1049.25
P2979,1,4,399,8.5,0.6,239.39999999999998
P2980,3,5,499,1.1,0.5,249.5
P2981,3,2,1199,9.7,0.75,899.25
P2982,3,3,1299,4.3,0.7,909.3
P2983,2,5,399,8.9,0.5,199.5
P2984,5,3,799,9.6,0.7,559.3
P2985,5,5,99,6.0,0.5,49.5
P2986,5,1,1399,3.5,0.8,1119.2
P2987,4,2,999,4.8,0.75,749.25
P2988,5,2,1599,1.4,0.75,1199.25
P2989,3,3,699,7.9,0.7,489.29999999999995
P2990,5,3,1299,9.9,0.7,909.3
P2991,1,5,299,5.8,0.5,149.5
P2992,2,3,699,4.6,0.7,489.29999999999995
P2993,3,5,299,1.5,0.5,149.5
P2994,2,1,1899,6.6,0.8,1519.2
P2995,4,4,499,7.4,0.6,299.4
P2996,3,1,1699,7.5,0.8,1359.2
P2997,1,3,799,8.7,0.7,559.3
P2998,4,1,1899,8.5,0.8,1519.2
P2999,4,4,899,8.7,0.6,539.4
P3000,4,2,1199,6.8,0.75,899.25